Date,Close,Shares_Outstanding,Market_Cap
2023-01-03,123.87469482421875,2622200064.0,324824232696.0469
2023-01-04,126.4864501953125,2622200064.0,331672777797.28125
2023-01-05,126.05943298339844,2622200064.0,330553053236.8711
2023-01-06,129.11807250976562,2622200064.0,338573417998.66406
2023-01-09,128.5718994140625,2622200064.0,337141242872.15625
2023-01-10,132.06747436523438,2622200064.0,346307339732.83594
2023-01-11,131.96817016601562,2622200064.0,346046944255.28906
2023-01-12,135.7616729736328,2622200064.0,355994267560.20703
2023-01-13,136.02976989746094,2622200064.0,356697271331.02734
2023-01-17,134.4210205078125,2622200064.0,352478808578.53125
2023-01-18,132.09727478027344,2622200064.0,346385482383.0586
2023-01-19,135.20555114746094,2622200064.0,354536004872.02734
2023-01-20,138.4031982421875,2622200064.0,362920875288.46875
2023-01-23,142.27615356445312,2622200064.0,373076538982.3828
2023-01-24,142.1470489501953,2622200064.0,372738000854.6133
2023-01-25,140.5184326171875,2622200064.0,368467443001.96875
2023-01-26,146.27818298339844,2622200064.0,383570660780.8711
2023-01-27,150.68740844726562,2622200064.0,395132532074.41406
2023-01-30,146.0398712158203,2622200064.0,382945759648.6758
2023-01-31,147.93661499023438,2622200064.0,387919401295.33594
2023-02-01,152.0578155517578,2622200064.0,398726013671.51953
2023-02-02,187.4605255126953,2622200064.0,491559001996.8633
2023-02-03,185.236083984375,2622200064.0,485726071278.9375
2023-02-06,184.7693328857422,2592640000.0,479040363212.8906
2023-02-07,190.29074096679688,2592640000.0,493355386660.15625
2023-02-08,182.1575469970703,2592640000.0,472268942646.4844
2023-02-09,176.68580627441406,2592640000.0,458082688779.2969
2023-02-10,172.94195556640625,2592640000.0,448376231679.6875
2023-02-13,178.18531799316406,2592640000.0,461970382841.7969
2023-02-14,178.23497009277344,2592640000.0,462099112861.3281
2023-02-15,175.9310760498047,2592640000.0,456125945009.7656
2023-02-16,171.24380493164062,2592640000.0,443973538417.96875
2023-02-17,171.68075561523438,2592640000.0,445106394238.28125
2023-02-21,170.88629150390625,2592640000.0,443046634804.6875
2023-02-22,169.93296813964844,2592640000.0,440575010517.5781
2023-02-23,170.84658813476562,2592640000.0,442943698261.71875
2023-02-24,169.2080078125,2592640000.0,438695449375.0
2023-02-27,168.36390686035156,2592640000.0,436506999482.4219
2023-02-28,173.72647094726562,2592640000.0,450410197636.71875
2023-03-01,172.21701049804688,2592640000.0,446496710097.65625
2023-03-02,173.31930541992188,2592640000.0,449354564003.90625
2023-03-03,183.96493530273438,2592640000.0,476954849863.28125
2023-03-06,183.61737060546875,2592640000.0,476053739726.5625
2023-03-07,183.2300567626953,2592640000.0,475049574365.2344
2023-03-08,183.6868896484375,2592640000.0,476233977578.125
2023-03-09,180.4296417236328,2592640000.0,467789106318.3594
2023-03-10,178.26475524902344,2592640000.0,462176335048.8281
2023-03-13,179.64512634277344,2592640000.0,465755140361.3281
2023-03-14,192.6741180419922,2592640000.0,499534625400.3906
2023-03-15,196.3782196044922,2592640000.0,509138027275.3906
2023-03-16,203.5084228515625,2592640000.0,527624077421.875
2023-03-17,194.25308227539062,2592640000.0,503628311230.46875
2023-03-20,196.4378204345703,2716169984.0,533558511586.7617
2023-03-21,200.7576446533203,2592640000.0,520492299833.9844
2023-03-22,198.42393493652344,2592640000.0,514441830673.8281
2023-03-23,202.86293029785156,2592640000.0,525950547607.4219
2023-03-24,204.58094787597656,2592640000.0,530404748701.1719
2023-03-27,201.43292236328125,2570870016.0,517857860339.0156
2023-03-28,199.2878875732422,2570870016.0,512343254714.02734
2023-03-29,203.92550659179688,2570870016.0,524265970394.46094
2023-03-30,206.39825439453125,2652969984.0,547568373658.6875
2023-03-31,210.4698028564453,2652969984.0,558370069516.5469
2023-04-03,211.59197998046875,2592640000.0,548581830976.5625
2023-04-04,213.2305145263672,2579500032.0,550028119044.1406
2023-04-05,210.0129852294922,2612720128.0,548705153650.46094
2023-04-06,214.60096740722656,2632359936.0,564906988829.625
2023-04-10,213.2602996826172,2576079872.0,549375565509.0781
2023-04-11,212.36656188964844,2576079872.0,547073225569.7656
2023-04-12,212.5155029296875,2576079872.0,547456909585.125
2023-04-13,218.8214569091797,2576079872.0,563701550705.4531
2023-04-14,219.95355224609375,2576079872.0,566617918716.0625
2023-04-17,217.341796875,2576079872.0,559889828274.0
2023-04-18,216.3785400390625,2565360128.0,555088879171.0625
2023-04-19,214.20372009277344,2565360128.0,549509682795.27344
2023-04-20,211.59197998046875,2565360128.0,542809628846.46875
2023-04-21,211.41319274902344,2565360128.0,542350975211.52344
2023-04-24,211.31390380859375,2565360128.0,542096263322.59375
2023-04-25,206.11026000976562,2564160000.0,528499684306.6406
2023-04-26,207.94740295410156,2564160000.0,533210412758.78906
2023-04-27,236.9051513671875,2565360128.0,607747029435.1875
2023-04-28,238.65293884277344,2565360128.0,612230733737.2734
2023-05-01,241.4930877685547,2562729984.0,618881576953.2188
2023-05-02,237.58041381835938,2562729984.0,608854450103.4375
2023-05-03,235.38577270507812,2562729984.0,603230177518.3125
2023-05-04,231.90008544921875,2586629888.0,599839692052.7031
2023-05-05,231.16522216796875,2586629888.0,597938872725.8281
2023-05-08,231.65182495117188,2562729984.0,593661077650.6875
2023-05-09,231.7511444091797,2562729984.0,593915606603.7188
2023-05-10,231.4631805419922,2562729984.0,593177632966.9688
2023-05-11,234.1543731689453,2565920000.0,600821389201.6602
2023-05-12,232.18807983398438,2565920000.0,595776037807.6172
2023-05-15,237.20306396484375,2554729984.0,605989779807.6562
2023-05-16,237.16336059570312,2562729984.0,607785655304.8125
2023-05-17,240.80789184570312,2562729984.0,617125604816.8125
2023-05-18,245.13766479492188,2562729984.0,628221643777.6875
2023-05-19,243.93601989746094,2562729984.0,625142152368.8438
2023-05-22,246.59744262695312,2562729984.0,631962660197.8125
2023-05-23,245.0283966064453,2562729984.0,627941618914.7812
2023-05-24,247.48126220703125,2562729984.0,634227651136.125
2023-05-25,250.93711853027344,2562729984.0,643084077756.0938
2023-05-26,260.2222595214844,2562729984.0,666879386979.9375
2023-05-30,260.69891357421875,2562729984.0,668100922612.875
2023-05-31,262.8836669921875,2562729984.0,673699855704.75
2023-06-01,270.71893310546875,2562729984.0,693779527105.875
2023-06-02,270.71893310546875,2562729984.0,693779527105.875
2023-06-05,269.5074462890625,2562729984.0,690674813516.25
2023-06-06,269.2392578125,2562729984.0,689987518866.0
2023-06-07,261.7714538574219,2562729984.0,670849553755.6875
2023-06-08,262.74462890625,2562729984.0,673343538633.0
2023-06-09,263.1121520996094,2626080000.0,690953560385.7422
2023-06-12,269.16973876953125,2626080000.0,706861267587.8906
2023-06-13,269.4378967285156,2562729984.0,690496576772.0625
2023-06-14,271.453857421875,2562729984.0,695662939687.5
2023-06-15,279.87493896484375,2562729984.0,717243897855.375
2023-06-16,279.05072021484375,2562729984.0,715131647751.375
2023-06-20,282.3576354980469,2562729984.0,723606378702.1875
2023-06-21,279.6863098144531,2562729984.0,716760492275.8125
2023-06-22,282.90380859375,2562729984.0,725006072871.0
2023-06-23,286.7271423339844,2587209984.0,741823325330.2734
2023-06-26,276.53826904296875,2562729984.0,708692913799.875
2023-06-27,285.0587463378906,2562729984.0,730528596441.5625
2023-06-28,283.3110046386719,2562729984.0,726049606384.6875
2023-06-29,279.5770568847656,2562729984.0,716480506517.0625
2023-06-30,284.9892883300781,2562729984.0,730350594322.3125
2023-07-03,284.0359191894531,2562729984.0,727907366639.8125
2023-07-05,292.32794189453125,2570350080.0,751385148834.8438
2023-07-06,289.9645080566406,2497440000.0,724168961000.9766
2023-07-07,288.5146484375,2562729984.0,739385140374.0
2023-07-10,292.05987548828125,2562729984.0,748470600037.125
2023-07-11,296.2207946777344,2562729984.0,759133912404.9375
2023-07-12,307.1941223144531,2599239936.0,798471230824.1953
2023-07-13,311.23590087890625,2562729984.0,797613575279.625
2023-07-14,306.7274169921875,2562729984.0,786059548440.75
2023-07-17,308.4652404785156,2562729984.0,790513120796.0625
2023-07-18,309.88531494140625,2562729984.0,794152388201.625
2023-07-19,313.8179016113281,2574530048.0,807933617298.6719
2023-07-20,300.4214782714844,2574530048.0,773444122874.5156
2023-07-21,292.21875,2562729984.0,748877752512.0
2023-07-24,289.58709716796875,2562729984.0,742133536891.875
2023-07-25,292.42730712890625,2562729984.0,749412228119.625
2023-07-26,296.4988708496094,2562729984.0,759846546548.4375
2023-07-27,309.54766845703125,2562729984.0,793287091432.125
2023-07-28,323.2221984863281,2562729984.0,828331219555.3125
2023-07-31,316.389892578125,2562729984.0,810821864344.5
2023-08-01,320.4714050292969,2562729984.0,821281678683.1875
2023-08-02,312.1296691894531,2562729984.0,799904062127.8125
2023-08-03,311.0174560546875,2562729984.0,797053760178.75
2023-08-04,308.57452392578125,2562729984.0,790793184763.125
2023-08-07,314.3641052246094,2562729984.0,805630318352.4375
2023-08-08,310.4712829589844,2562729984.0,795654066009.9375
2023-08-09,303.0927734375,2562729984.0,776744938422.0
2023-08-10,303.6191101074219,2562729984.0,778093797187.6875
2023-08-11,299.54754638671875,2562729984.0,767659478758.875
2023-08-14,304.0660095214844,2562729984.0,779239079715.9375
2023-08-15,299.8554382324219,2562729984.0,768448522423.6875
2023-08-16,292.24853515625,2562729984.0,748954083825.0
2023-08-17,283.1123962402344,2562729984.0,725540626686.9375
2023-08-18,281.28515625,2562729984.0,720857903976.0
2023-08-21,287.8890380859375,2573159936.0,740784538816.3125
2023-08-22,285.60498046875,2573159936.0,734907293264.25
2023-08-23,292.19891357421875,2593740032.0,757888019444.3594
2023-08-24,284.7608642578125,2573159936.0,732735247248.9375
2023-08-25,283.51953125,2573159936.0,729541098886.0
2023-08-28,288.24652099609375,2573159936.0,741704399518.5312
2023-08-29,295.9228820800781,2573159936.0,761456904314.1094
2023-08-30,293.0529479980469,2573159936.0,754072104915.2656
2023-08-31,293.8374938964844,2573159936.0,756090866989.0781
2023-09-01,294.3240966796875,2573159936.0,757342973775.5625
2023-09-05,298.0679016113281,2573159936.0,766976382633.8594
2023-09-06,297.0947265625,2573159936.0,764472247587.5
2023-09-07,296.5981750488281,2573159936.0,763194541126.3594
2023-09-08,295.8236083984375,2573159936.0,761201457253.8125
2023-09-11,305.4264831542969,2579899904.0,787969754568.8281
2023-09-12,299.5674133300781,2573159936.0,770834866112.1094
2023-09-13,302.94384765625,2573159936.0,779522971646.75
2023-09-14,309.5576477050781,2573159936.0,796541336957.1094
2023-09-15,298.2267761230469,2573159936.0,767385192162.2656
2023-09-18,300.45123291015625,2573159936.0,773109075246.2188
2023-09-19,302.95379638671875,2573159936.0,779548571321.4062
2023-09-20,297.59124755859375,2573159936.0,765749875522.0312
2023-09-21,293.6785888671875,2573159936.0,755681978934.0625
2023-09-22,297.0053405761719,2573159936.0,764242243148.6406
2023-09-25,298.7431335449219,2573159936.0,768713862392.8906
2023-09-26,296.8861389160156,2558190080.0,759491175464.4531
2023-09-27,295.67462158203125,2558190080.0,756391883838.9062
2023-09-28,301.8514709472656,2558190080.0,772193438610.7031
2023-09-29,298.1274719238281,2558190080.0,762666741251.0156
2023-10-02,304.6916198730469,2558190080.0,779459079418.3594
2023-10-03,298.85247802734375,2558190080.0,764521444672.9688
2023-10-04,303.460205078125,2558190080.0,776308886305.625
2023-10-05,302.6756896972656,2558190080.0,774301946840.7031
2023-10-06,313.24188232421875,2558190080.0,801332276002.3438
2023-10-09,316.15155029296875,2558190080.0,808775759736.0938
2023-10-10,319.6074523925781,2573159936.0,822401091743.6094
2023-10-11,325.54595947265625,2573159936.0,837681820241.7188
2023-10-12,321.911376953125,2573159936.0,828329458118.375
2023-10-13,312.5070495605469,2602210048.0,813208984437.2891
2023-10-16,318.9222106933594,2573159936.0,820637855256.7031
2023-10-17,321.7524108886719,2550840064.0,820738940383.4141
2023-10-18,314.771240234375,2573159936.0,809956744376.125
2023-10-19,310.6400451660156,2630230016.0,817054770967.25
2023-10-20,306.5089111328125,2607379968.0,799185194901.1875
2023-10-23,311.8317565917969,2573159936.0,802392982834.5156
2023-10-24,310.3818664550781,2573159936.0,798662183623.1094
2023-10-25,297.45220947265625,2585179904.0,768967474329.1094
2023-10-26,286.34979248046875,2585179904.0,740265729035.0781
2023-10-27,294.671630859375,2569860096.0,757264865568.75
2023-10-30,300.56048583984375,2569860096.0,772398398994.1875
2023-10-31,299.1801452636719,2569860096.0,768851116828.5938
2023-11-01,309.6867370605469,2569860096.0,795851587832.3438
2023-11-02,308.7135314941406,2569860096.0,793350585682.0312
2023-11-03,312.41766357421875,2569860096.0,802869686904.9375
2023-11-06,313.6093444824219,2569860096.0,805932140118.0938
2023-11-07,316.6084289550781,2569860096.0,813639367628.9062
2023-11-08,317.5617370605469,2545920000.0,808486777617.1875
2023-11-09,318.3263854980469,2569860096.0,818054275595.3438
2023-11-10,326.48931884765625,2569860096.0,839031872276.8125
2023-11-13,326.9064636230469,2569860096.0,840103875989.3438
2023-11-14,333.9770812988281,2569860096.0,858274374208.4062
2023-11-15,330.40203857421875,2569860096.0,849087014568.9375
2023-11-16,331.87176513671875,2569860096.0,852864006213.9375
2023-11-17,332.71588134765625,2569860096.0,855033266780.8125
2023-11-20,337.6116943359375,2569860096.0,867614821216.875
2023-11-21,334.64239501953125,2569860096.0,859984137390.5625
2023-11-22,339.1211242675781,2569860096.0,871493844965.9062
2023-11-24,335.88372802734375,2569860096.0,863174189553.1875
2023-11-27,332.3782653808594,2569860096.0,854165640979.9688
2023-11-28,336.6384582519531,2569860096.0,865113740640.6562
2023-11-29,329.89556884765625,2569860096.0,847785458228.8125
2023-11-30,324.8805847167969,2569860096.0,834897650628.8438
2023-12-01,322.5667724609375,2569860096.0,828951476842.875
2023-12-04,317.8000793457031,2569939968.0,816727125744.0938
2023-12-05,316.0820617675781,2569860096.0,812286677597.9062
2023-12-06,315.24786376953125,2569860096.0,810142905450.5625
2023-12-07,324.324462890625,2569860096.0,833468495339.25
2023-12-08,330.4417724609375,2569860096.0,849189125098.875
2023-12-11,323.0235595703125,2569860096.0,830125355807.625
2023-12-12,331.901611328125,2569860096.0,852940706750.25
2023-12-13,332.41796875,2569860096.0,854267673084.0
2023-12-14,330.8588562011719,2569860096.0,850260971959.5938
2023-12-15,332.5967102050781,2581969920.0,858754701240.4688
2023-12-18,342.2294006347656,2569860096.0,879481680369.2812
2023-12-19,347.9295959472656,2569860096.0,894130384842.2812
2023-12-20,346.8570861816406,2569860096.0,891374184793.0312
2023-12-21,351.63372802734375,2569860096.0,903649486065.1875
2023-12-22,350.9385986328125,2569860096.0,901863100772.625
2023-12-26,352.36859130859375,2569860096.0,905537981887.6875
2023-12-27,355.3477783203125,2569860096.0,913194075707.625
2023-12-28,355.83441162109375,2569860096.0,914444655208.6875
2023-12-29,351.50457763671875,2569860096.0,903317587629.9375
2024-01-02,343.8878173828125,2569860096.0,883743579392.625
2024-01-03,342.0804138183594,2569860096.0,879098805094.9688
2024-01-04,344.71209716796875,2569860096.0,885861863120.4375
2024-01-05,349.5085754394531,2569860096.0,898188141231.6562
2024-01-08,356.1720275878906,2569860096.0,915312281009.5312
2024-01-09,354.9505310058594,2569860096.0,912173205685.9688
2024-01-10,367.9001159667969,2569860096.0,945451827336.8438
2024-01-11,367.1056823730469,2569860096.0,943410244145.3438
2024-01-12,371.8922119140625,2569860096.0,955710955411.125
2024-01-16,364.91094970703125,2569860096.0,937770088245.5625
2024-01-17,365.8146667480469,2569860096.0,940092514607.3438
2024-01-18,373.52081298828125,2569860096.0,959896232324.0625
2024-01-19,380.7900695800781,2569860096.0,978577204766.9062
2024-01-22,379.131591796875,2569860096.0,974315148891.75
2024-01-23,382.52789306640625,2569860096.0,983043167998.3125
2024-01-24,387.9897766113281,2569860096.0,997079444569.4062
2024-01-25,390.4525451660156,2569860096.0,1003408415203.7812
2024-01-26,391.4059143066406,2569860096.0,1005858440515.0312
2024-01-29,398.2381591796875,2569860096.0,1023416353980.375
2024-01-30,397.2847900390625,2569860096.0,1020966328669.125
2024-01-31,387.4336853027344,2569860096.0,995650367705.7188
2024-02-01,392.0414733886719,2569860096.0,1007491738438.5938
2024-02-02,471.6950378417969,2569860096.0,1212190255230.8438
2024-02-05,456.2231140136719,2549410048.0,1163099790996.3047
2024-02-06,451.5656433105469,2549410048.0,1151225988387.4922
2024-02-07,466.3324890136719,2549410048.0,1188872733200.3047
2024-02-08,466.73968505859375,2549410048.0,1189910842888.7344
2024-02-09,464.86279296875,2549410048.0,1185125875335.875
2024-02-12,465.6473388671875,2549410048.0,1187126004532.4688
2024-02-13,456.9281921386719,2549410048.0,1164897324252.8047
2024-02-14,469.9969177246094,2549410048.0,1198214864576.1484
2024-02-15,480.6723327636719,2549410048.0,1225430874943.3047
2024-02-16,470.03662109375,2549410048.0,1198316084744.375
2024-02-20,468.4775390625,2549410048.0,1194341345348.25
2024-02-21,465.2764892578125,2549410048.0,1186180556812.0312
2024-02-22,483.2699890136719,2549410048.0,1232053365888.3047
2024-02-23,481.1823425292969,2549410048.0,1226731098964.3672
2024-02-26,478.90582275390625,2549410048.0,1220927316574.5156
2024-02-27,484.1846008300781,2549410048.0,1234385086443.0703
2024-02-28,481.17236328125,2549410048.0,1226705657769.125
2024-02-29,487.2464904785156,2549410048.0,1242191098678.664
2024-03-01,499.3448181152344,2549410048.0,1273034696719.711
2024-03-04,495.2590637207031,2549410048.0,1262618433412.6328
2024-03-05,487.3359680175781,2549410048.0,1242419213615.8203
2024-03-06,493.1713562011719,2549410048.0,1257296010885.0547
2024-03-07,509.17669677734375,2549410048.0,1298100186971.6094
2024-03-08,502.973388671875,2549410048.0,1282285410956.6875
2024-03-11,480.74493408203125,2549410048.0,1225615965473.8281
2024-03-12,496.8098449707031,2549410048.0,1266572010713.6328
2024-03-13,492.6544494628906,2570909952.0,1266570227021.2266
2024-03-14,488.93646240234375,2549410048.0,1246499530082.1094
2024-03-15,481.251953125,2549410048.0,1226908564916.5
2024-03-18,494.0561828613281,2590779904.0,1279990830004.0781
2024-03-19,493.3204650878906,2549410048.0,1257676150579.1016
2024-03-20,502.5459289550781,2553769984.0,1283386708946.875
2024-03-21,504.77276611328125,2549410048.0,1286872761885.9531
2024-03-22,506.5820617675781,2549410048.0,1291485398406.8203
2024-03-25,500.06060791015625,2549410048.0,1274859538415.1406
2024-03-26,492.9726257324219,2549410048.0,1256789365431.1797
2024-03-27,490.9545593261719,2549410048.0,1251644486657.5547
2024-03-28,482.7232360839844,2549410048.0,1230659468475.586
2024-04-01,488.4593505859375,2549410048.0,1245283176423.3438
2024-04-02,494.4438781738281,2549410048.0,1260540191188.4453
2024-04-03,503.7586975097656,2549410048.0,1284287485198.789
2024-04-04,507.9141540527344,2549410048.0,1294881447863.461
2024-04-05,524.2376098632812,2549410048.0,1336496630124.9531
2024-04-08,516.1951904296875,2549410048.0,1315993205210.7188
2024-04-09,513.8589477539062,2549410048.0,1310037164658.5156
2024-04-10,516.771728515625,2549410048.0,1317463037200.0625
2024-04-11,520.0820922851562,2549410048.0,1325902511856.6406
2024-04-12,508.8883361816406,2607660032.0,1327007775011.8438
2024-04-15,497.28704833984375,2549410048.0,1267788597777.8594
2024-04-16,496.81982421875,2607150080.0,1295283844457.5
2024-04-17,491.26275634765625,2549410048.0,1252430207240.8906
2024-04-18,498.84783935546875,2549410048.0,1271767694075.9219
2024-04-19,478.2397766113281,2549410048.0,1219229291846.1953
2024-04-22,478.8959045410156,2536529920.0,1214733790433.75
2024-04-23,493.1813659667969,2536529920.0,1250969290761.25
2024-04-24,490.59661865234375,2536529920.0,1244413001862.5
2024-04-25,438.78326416015625,2549900032.0,1118853459323.0469
2024-04-26,440.6820373535156,2536529920.0,1117803172953.75
2024-04-29,430.0747985839844,2536529920.0,1090897594446.25
2024-04-30,427.63922119140625,2599089920.0,1111472789195.2344
2024-05-01,436.6061706542969,2599089920.0,1134778697157.3828
2024-05-02,439.0815124511719,2599089920.0,1141212333070.1953
2024-05-03,449.3009948730469,2599089920.0,1167773686820.5078
2024-05-06,462.9402770996094,2536529920.0,1174261864036.25
2024-05-07,465.4852294921875,2461329920.0,1145712722667.1875
2024-05-08,469.8196105957031,2461329920.0,1156381064561.9531
2024-05-09,472.6230163574219,2461329920.0,1163281171041.1719
2024-05-10,473.3984375,2520379904.0,1193143908460.0
2024-05-13,465.2566223144531,2533499904.0,1178727607969.0312
2024-05-14,469.0740051269531,2533499904.0,1188398946958.0312
2024-05-15,478.70697021484375,2515889920.0,1204374040997.2656
2024-05-16,470.4459228515625,2536529920.0,1193300159055.0
2024-05-17,469.1336669921875,2536529920.0,1189971582805.0
2024-05-20,466.08172607421875,2553139968.0,1189971883194.5156
2024-05-21,461.8965148925781,2559520000.0,1182233367797.8516
2024-05-22,465.0279541015625,2536529920.0,1179557319215.0
2024-05-23,463.0397033691406,2536529920.0,1174514061743.75
2024-05-24,475.40655517578125,2547429888.0,1211064867605.9062
2024-05-28,477.0965576171875,2547429888.0,1215370030335.9375
2024-05-29,471.5692138671875,2547429888.0,1201289509665.9375
2024-05-30,464.30224609375,2547429888.0,1182777418764.75
2024-05-31,464.0835876464844,2578299904.0,1196546669476.9062
2024-06-03,474.6808166503906,2578299904.0,1223869504000.3438
2024-06-04,474.1837463378906,2578299904.0,1222587907661.3438
2024-06-05,492.1474609375,2539190016.0,1249655919212.25
2024-06-06,490.8551330566406,2539190016.0,1246374453159.7734
2024-06-07,490.059814453125,2539190016.0,1244354988102.1875
2024-06-10,499.6430969238281,2539190016.0,1268688763272.3047
2024-06-11,504.4844665527344,2539190016.0,1280981920697.789
2024-06-12,505.84637451171875,2512189952.0,1270782179303.9688
2024-06-13,501.13427734375,2536529920.0,1271142088420.0
2024-06-14,501.69158935546875,2536529920.0,1272555727012.5
2024-06-17,504.1494445800781,2535729920.0,1278386830773.086
2024-06-18,497.0444030761719,2536529920.0,1260767999971.25
2024-06-20,499.24359130859375,2536529920.0,1266346306722.5
2024-06-21,492.35748291015625,2536529920.0,1248879486737.5
2024-06-24,496.46722412109375,2536529920.0,1259303968282.5
2024-06-25,508.1000061035156,2536529920.0,1288810867833.75
2024-06-26,510.6076354980469,2536529920.0,1295171544821.25
2024-06-27,517.0161743164062,2536529920.0,1311426995277.5
2024-06-28,501.7512512207031,2536529920.0,1272707061118.75
2024-07-01,502.208984375,2536529920.0,1273868114960.0
2024-07-02,507.00537109375,2536529920.0,1286034293380.0
2024-07-03,507.463134765625,2536529920.0,1287195424630.0
2024-07-05,537.2664184570312,2536529920.0,1362792345427.5
2024-07-08,526.7283325195312,2536529920.0,1336062175147.5
2024-07-09,527.4050903320312,2536529920.0,1337778791587.5
2024-07-10,532.0720825195312,2536529920.0,1349616756907.5
2024-07-11,510.1897277832031,2536529920.0,1294111509398.75
2024-07-12,496.4274597167969,2536529920.0,1259203104681.25
2024-07-15,493.730712890625,2536529920.0,1252362725670.0
2024-07-16,487.3919372558594,2536529920.0,1236284231616.25
2024-07-17,459.7279968261719,2536529920.0,1166113819011.25
2024-07-18,473.52020263671875,2689149952.0,1273366830191.5625
2024-07-19,474.4555358886719,2689149952.0,1275882081561.1562
2024-07-22,485.0135803222656,2536529920.0,1230251458093.75
2024-07-23,486.2972717285156,2536529920.0,1233507579753.75
2024-07-24,459.0115051269531,2536529920.0,1164296416378.75
2024-07-25,451.1900329589844,2580790016.0,1164426732379.2578
2024-07-26,463.4198303222656,2536529920.0,1175478265133.75
2024-07-29,463.4297790527344,2536529920.0,1175503500386.25
2024-07-30,460.922119140625,2536529920.0,1169142745990.0
2024-07-31,472.50506591796875,2550390016.0,1205072202626.6094
2024-08-01,495.30291748046875,2536529920.0,1256350669652.5
2024-08-02,485.75,2529819904.0,1228860018368.0
2024-08-05,473.4007568359375,2529819904.0,1197618657212.2188
2024-08-06,491.6708679199219,2529819904.0,1243838747880.7734
2024-08-07,486.5261535644531,2529819904.0,1230823547103.914
2024-08-08,507.134765625,2529819904.0,1282959624088.5
2024-08-09,515.2349243164062,2529819904.0,1303451566771.5781
2024-08-12,513.423828125,2490040064.0,1278445901843.5
2024-08-13,525.9521484375,2529819904.0,1330564213668.75
2024-08-14,524.180908203125,2529819904.0,1326083294869.0625
2024-08-15,534.6991577148438,2529819904.0,1352692571839.0469
2024-08-16,524.837646484375,2529819904.0,1327744724444.6875
2024-08-19,526.6885375976562,2577349888.0,1357460643388.2031
2024-08-20,524.1510009765625,2529819904.0,1326007634972.0312
2024-08-21,532.5397338867188,2529819904.0,1347229618457.4844
2024-08-22,529.3255004882812,2529819904.0,1339098186830.0156
2024-08-23,525.414794921875,2529819904.0,1329204806049.4375
2024-08-26,518.5685424804688,2529819904.0,1311885020355.3594
2024-08-27,516.5584106445312,2529819904.0,1306799748827.1406
2024-08-28,514.249755859375,2529819904.0,1300959268000.1875
2024-08-29,515.6826782226562,2529819904.0,1304584303515.7031
2024-08-30,518.757568359375,2529819904.0,1312363221786.1875
2024-09-03,509.25433349609375,2529819904.0,1288321749076.6719
2024-09-04,510.2295227050781,2529819904.0,1290788802147.7266
2024-09-05,514.329345703125,2529819904.0,1301160615971.0625
2024-09-06,497.8205871582031,2529819904.0,1259396430013.789
2024-09-09,502.3184814453125,2529819904.0,1270775292507.4062
2024-09-10,502.3184814453125,2529819904.0,1270775292507.4062
2024-09-11,509.3239440917969,2529819904.0,1288497851347.211
2024-09-12,523.0264892578125,2529819904.0,1323162822843.6562
2024-09-13,522.0513916015625,2529819904.0,1320696001384.5312
2024-09-16,531.1752319335938,2488730112.0,1321951794461.7188
2024-09-17,534.2032470703125,2529819904.0,1351438007219.9062
2024-09-18,535.8268432617188,2529819904.0,1355545413180.9844
2024-09-19,556.893310546875,2529819904.0,1408839781425.9375
2024-09-20,559.1344604492188,2529819904.0,1414509487056.7344
2024-09-23,562.1823120117188,2529819904.0,1422220002603.9844
2024-09-24,561.1066284179688,2529819904.0,1419498716838.1094
2024-09-25,566.0669555664062,2529819904.0,1432047451188.5781
2024-09-26,565.5988159179688,2529819904.0,1430863142188.1094
2024-09-27,565.1207275390625,2529819904.0,1429653664691.2812
2024-09-30,570.1806640625,2507369984.0,1429653882527.5
2024-10-01,574.1946411132812,2529819904.0,1452609031858.5156
2024-10-02,570.5491943359375,2529819904.0,1443386708042.2188
2024-10-03,580.4698486328125,2529819904.0,1468484176743.1562
2024-10-04,593.5879516601562,2529819904.0,1501670614884.4531
2024-10-07,582.4720458984375,2529819904.0,1473549375237.4688
2024-10-08,590.5499877929688,2529819904.0,1493985113425.6094
2024-10-09,588.1793212890625,2529819904.0,1487987754118.2812
2024-10-10,581.5256958007812,2529819904.0,1471155279924.2656
2024-10-11,587.6216430664062,2529819904.0,1486576928650.5781
2024-10-14,588.0896606445312,2529819904.0,1487760928835.1406
2024-10-15,583.9560546875,2529819904.0,1477303650209.75
2024-10-16,574.513427734375,2529819904.0,1453415504597.6875
2024-10-17,574.6528930664062,2529819904.0,1453768326770.5781
2024-10-18,574.1946411132812,2529819904.0,1452609031858.5156
2024-10-21,572.8899536132812,2529819904.0,1449308407452.5156
2024-10-22,579.712890625,2529819904.0,1466569209308.5
2024-10-23,561.4651489257812,2529819904.0,1420405709154.7656
2024-10-24,565.5391235351562,2511589888.0,1420402343939.2812
2024-10-25,570.9874877929688,2511589888.0,1434086400515.3438
2024-10-28,575.8780517578125,2466500096.0,1420403269944.9375
2024-10-29,590.9384765625,2529819904.0,1494967920047.25
2024-10-30,589.4641723632812,2529819904.0,1491238195939.5156
2024-10-31,565.3397827148438,2529819904.0,1430207834835.0469
2024-11-01,564.9215087890625,2524489984.0,1426138690684.1562
2024-11-04,558.467041015625,2524489984.0,1409844451438.0625
2024-11-05,570.1707153320312,2524489984.0,1439390260025.8281
2024-11-06,569.7921752929688,2472669952.0,1408907990731.6406
2024-11-07,589.3646850585938,2524489984.0,1487845244353.7344
2024-11-08,587.0139770507812,2524489984.0,1481910905532.7031
2024-11-11,580.8682861328125,2524489984.0,1466396170365.5312
2024-11-12,582.5117797851562,2524489984.0,1470545153629.6406
2024-11-13,577.7108154296875,2524489984.0,1458425167200.7188
2024-11-14,574.8820190429688,2524489984.0,1451283899055.6719
2024-11-15,551.89306640625,2524489984.0,1393248518381.625
2024-11-18,552.2118530273438,2524489984.0,1394053292013.6094
2024-11-19,558.87548828125,2523030016.0,1410059632140.25
2024-11-20,563.2879638671875,2524489984.0,1422014822890.4688
2024-11-21,560.8676147460938,2524489984.0,1415904675776.4844
2024-11-22,556.9331665039062,2524489984.0,1405972200596.5156
2024-11-25,562.8795166015625,2524489984.0,1420983701859.4062
2024-11-26,571.2763061523438,2524489984.0,1442181312978.1094
2024-11-27,566.9534301757812,2524489984.0,1431268255873.2031
2024-11-29,572.05322265625,2524489984.0,1444142630910.625
2024-12-02,590.490234375,2501979904.0,1477394699914.5
2024-12-03,611.2279663085938,2524489984.0,1543038878886.7344
2024-12-04,611.3574829101562,2438840064.0,1491003122747.4844
2024-12-05,606.526611328125,2438840064.0,1479221399589.1875
2024-12-06,621.3081665039062,2524489984.0,1568486243316.5156
2024-12-09,611.1483154296875,2524489984.0,1542837801040.7188
2024-12-10,616.8756103515625,2524489984.0,1557296299706.4062
2024-12-11,630.182861328125,2501050112.0,1576118915905.1875
2024-12-12,628.30029296875,2524489984.0,1586137796543.875
2024-12-13,617.9015502929688,2532049920.0,1564557570987.1875
2024-12-16,622.2777709960938,2574660096.0,1602153745611.4688
2024-12-17,617.4928588867188,2574660096.0,1589834223340.5938
2024-12-18,595.3128051757812,2524489984.0,1502861214013.2031
2024-12-19,593.6978759765625,2524489984.0,1498784341424.9062
2024-12-20,583.4102783203125,2524489984.0,1472813404182.2812
2024-12-23,597.9644165039062,2524489984.0,1509555180252.5156
2024-12-24,605.8395385742188,2524489984.0,1529435847041.7969
2024-12-26,601.4534301757812,2524489984.0,1518363160321.2031
2024-12-27,597.9244995117188,2524489984.0,1509454410205.5469
2024-12-30,589.3814086914062,2524489984.0,1487887462997.2656
2024-12-31,583.6694946289062,2524489984.0,1473467793157.0156
2025-01-02,597.3563842773438,2524489984.0,1508020208986.6094
2025-01-03,602.7293701171875,2524489984.0,1521584257923.4688
2025-01-06,628.218994140625,2501979904.0,1571791298650.9375
2025-01-07,615.9476928710938,2422060032.0,1491862288705.6875
2025-01-08,608.8002319335938,2422060032.0,1474550709238.6875
2025-01-10,613.924072265625,2524489984.0,1549845171371.0625
2025-01-13,606.4177856445312,2524489984.0,1530895625979.0781
2025-01-14,592.3819580078125,2524489984.0,1495462319693.0312
2025-01-15,615.1801147460938,2524489984.0,1553016038032.4844
2025-01-16,609.37841796875,2524489984.0,1538369712627.875
2025-01-17,610.8438720703125,2524489984.0,1542069236829.2812
2025-01-21,614.522216796875,2524489984.0,1551355181249.1875
2025-01-22,621.5401000976562,2524489984.0,1569071757350.8906
2025-01-23,634.4493408203125,2524489984.0,1601661006256.2812
2025-01-24,645.4547119140625,2524489984.0,1629443955352.6562
2025-01-27,657.8057250976562,2524489984.0,1660623964426.8906
2025-01-28,672.2103271484375,2524489984.0,1696988238027.5938
2025-01-29,674.363525390625,2524489984.0,1702423965423.5625
2025-01-30,684.8405151367188,2524489984.0,1728873021100.0469
2025-01-31,687.013671875,2533659904.0,1740658993929.5
2025-02-03,695.267578125,2525639936.0,1755995561518.5
2025-02-04,701.9764404296875,2525639936.0,1772939732080.3438
2025-02-05,702.6543579101562,2525639936.0,1774651907542.3281
2025-02-06,709.7518920898438,2525639936.0,1792577723313.6719
2025-02-07,712.27392578125,2525639936.0,1798947472324.625
2025-02-10,715.1448974609375,2524689920.0,1805519113959.0625
2025-02-11,717.537353515625,2524689920.0,1811559323644.375
2025-02-12,723.099853515625,2524689920.0,1825602911324.375
2025-02-13,726.2698364257812,2514170112.0,1825965915988.8281
2025-02-14,734.3543090820312,2514170112.0,1846291655512.4531
2025-02-18,714.1181640625,2533659904.0,1809332559003.25
2025-02-19,701.5578002929688,2533659904.0,1777508868940.7344
2025-02-20,692.65576171875,2533659904.0,1754954130741.375
2025-02-21,681.4013671875,2533659904.0,1726439322573.75
2025-02-24,666.02978515625,2533659904.0,1687492961520.125
2025-02-25,655.4332275390625,2533659904.0,1660644888365.0312
2025-02-26,671.582275390625,2533659904.0,1701561083394.3125
2025-02-27,656.1708374023438,2533659904.0,1662513740900.4219
2025-02-28,666.0995483398438,2533659904.0,1687669717701.1719
2025-03-03,652.9909057617188,2533659904.0,1654456875605.1094
2025-03-04,637.9882202148438,2584519936.0,1648893274078.4219
2025-03-05,654.406494140625,2533659904.0,1658043495121.3125
2025-03-06,625.9561157226562,2533659904.0,1585959912070.0781
2025-03-07,623.6932373046875,2533659904.0,1580226547754.8438
2025-03-10,596.1102905273438,2533659904.0,1510340741470.9219
2025-03-11,603.8060913085938,2533659904.0,1529839283339.5469
2025-03-12,617.6124877929688,2533659904.0,1564819996530.7344
2025-03-13,588.7833862304688,2533659904.0,1491776857833.4844
2025-03-14,606.2288818359375,2533659904.0,1535977810554.4688
2025-03-17,603.5350341796875,2533659904.0,1529152516760.3438
2025-03-18,581.0458374023438,2533659904.0,1472172540612.4219
2025-03-19,582.7420654296875,2526279936.0,1472169587758.2188
2025-03-20,584.6776123046875,2533659904.0,1481374223062.8438
2025-03-21,594.904541015625,2533659904.0,1507285782278.8125
2025-03-24,617.4534912109375,2490099968.0,1537520918705.8438
2025-03-25,624.896728515625,2490099968.0,1556055323680.0625
2025-03-26,609.6012573242188,2490099968.0,1517968071355.7969
2025-03-27,601.22021484375,2597230080.0,1561507226696.25
2025-03-28,575.4385375976562,2533659904.0,1457965549927.5781
2025-03-31,575.0594482421875,2533659904.0,1457005066427.5938
2025-04-01,584.6776123046875,2533659904.0,1481374223062.8438
2025-04-02,582.6123046875,2533659904.0,1476141435963.75
2025-04-03,530.4203491210938,2533659904.0,1343904770833.7969
2025-04-04,503.591064453125,2533659904.0,1275928488017.5625
2025-04-07,515.0850219726562,2533659904.0,1305050267323.0781
2025-04-08,509.29815673828125,2533659904.0,1290388318908.8906
2025-04-09,584.4481811523438,2533659904.0,1480792922551.4219
2025-04-10,545.0573120117188,2716770048.0,1480795379716.8281
2025-04-11,542.3434448242188,2533659904.0,1374113840348.3594
2025-04-14,530.2806396484375,2591290112.0,1374110978106.0312
2025-04-15,520.3432006835938,2533659904.0,1318372703891.0469
2025-04-16,501.176513671875,2533659904.0,1269810837516.9375
2025-04-17,500.348388671875,2533659904.0,1267712650408.9375
2025-04-21,483.56634521484375,2533659904.0,1225192659794.6719
2025-04-22,499.1510925292969,2612059904.0,1303812554833.5703
2025-04-23,519.0960083007812,2524450048.0,1310431943071.5156
2025-04-24,531.9469604492188,2427450112.0,1291274708720.5156
2025-04-25,546.0350952148438,2427450112.0,1325472953035.2031
2025-04-28,548.49951171875,2459320064.0,1348935854264.125
2025-04-29,553.1889038085938,2524450048.0,1396497754772.6719
2025-04-30,547.7611694335938,2524450048.0,1382795710469.1719
2025-05-01,570.9187622070312,2549459968.0,1455534529226.9375
2025-05-02,595.6728515625,2524450048.0,1503746358719.25
2025-05-05,597.917724609375,2524450048.0,1509413428590.1875
2025-05-06,585.9847412109375,2514330112.0,1473359079999.1875
2025-05-07,595.4632568359375,2514330112.0,1497191197252.1875
2025-05-08,596.6605834960938,2514330112.0,1500201671727.7188
2025-05-09,591.153076171875,2514330112.0,1486353980220.375
2025-05-12,637.987060546875,2537750016.0,1619051673110.625
2025-05-13,654.5496826171875,2537750016.0,1661083467534.5625
2025-05-14,657.8720703125,2514330112.0,1654107556230.5
2025-05-15,642.4270629882812,2514330112.0,1615273709235.1562
2025-05-16,638.8950805664062,2528229888.0,1615273637984.1562
2025-05-19,638.98486328125,2514330112.0,1606618882860.25
2025-05-20,635.662353515625,2514330112.0,1598264996509.125
2025-05-21,634.0659790039062,2514330112.0,1594251184004.2812
2025-05-22,635.133544921875,2514330112.0,1596935397138.375
2025-05-23,625.64501953125,2514330112.0,1573078112030.25
2025-05-27,640.8705444335938,2514330112.0,1611360107763.2188
2025-05-28,642.1277465820312,2514330112.0,1614521128981.9062
2025-05-29,643.5944213867188,2509400064.0,1615035882217.875
2025-05-30,646.0288696289062,2508600064.0,1620628063696.9219
2025-06-02,669.3861083984375,2504849920.0,1676711740070.9375
2025-06-03,665.3451538085938,2504849920.0,1666589755289.8438
2025-06-04,686.3975830078125,2504849920.0,1719322930885.3125
2025-06-05,683.0750732421875,2504849920.0,1711000542564.6875
2025-06-06,696.1356201171875,2526560000.0,1758828412363.2812
2025-06-09,692.4938354492188,2514330112.0,1741158102844.3438
2025-06-10,700.8150024414062,2514330112.0,1762080263579.7812
2025-06-11,692.5736694335938,2514330112.0,1741358831835.2188
2025-06-12,691.79541015625,2514330112.0,1739402031099.25
2025-06-13,681.3291015625,2514330112.0,1713086276240.5
2025-06-16,701.0746459960938,2514330112.0,1762733093187.7188
2025-06-17,696.19189453125,2445390080.0,1702460752663.125
2025-06-18,694.734130859375,2531960064.0,1759039074433.6875
2025-06-20,681.3340454101562,2514330112.0,1713098706705.5312
2025-06-23,697.4900512695312,2514330112.0,1753720238727.4062
2025-06-24,711.1396484375,2514330112.0,1788039831903.5
2025-06-25,707.6248779296875,2514330112.0,1779202538578.9375
2025-06-26,725.0089721679688,2514330112.0,1822911890192.0938
2025-06-27,732.5377197265625,2454040064.0,1797676912600.1875
2025-06-30,736.9911499023438,2514330112.0,1853039040476.9688
2025-07-01,718.149169921875,2514330112.0,1805664082842.375
2025-07-02,712.507568359375,2514330112.0,1791479234153.875
2025-07-03,717.9395141601562,2514330112.0,1805136939047.5312
2025-07-07,717.2804565429688,2514330112.0,1803479850635.0938
2025-07-08,719.5969848632812,2514330112.0,1809304367546.1562
2025-07-09,731.6890258789062,2514330112.0,1839707750387.2812
2025-07-10,726.1572265625,2514330112.0,1825798980792.5
2025-07-11,716.4417724609375,2514330112.0,1801371121993.1875
2025-07-14,719.8466186523438,2514330112.0,1809932029298.9688
2025-07-15,709.3323974609375,2514330112.0,1783495806353.1875
2025-07-16,701.8634033203125,2514330112.0,1764716289479.0625
2025-07-17,700.3656616210938,2514330112.0,1760950472424.7188
2025-07-18,703.2314453125,2514330112.0,1768155998654.5
2025-07-21,711.908447265625,2514330112.0,1789972845947.125
2025-07-22,703.7606201171875,2514330112.0,1769486518800.4375
2025-07-23,712.517578125,2514330112.0,1791504402009.0
2025-07-24,713.7357788085938,2514330112.0,1794567360670.2188
2025-07-25,711.618896484375,2514330112.0,1789244819698.875
2025-07-28,716.5615844726562,2514330112.0,1801672368942.0312
2025-07-29,698.957763671875,2514330112.0,1757410552216.375
2025-07-30,694.1749267578125,2514330112.0,1745384921342.5625
2025-07-31,772.2884521484375,2514330112.0,1941788110386.6875
2025-08-01,748.8933715820312,2512140032.0,1881325018450.6719
2025-08-04,775.214111328125,2512140032.0,1947446402438.6875
2025-08-05,762.3233032226562,2512140032.0,1915062887352.1094
2025-08-06,770.8406372070312,2512140032.0,1936459623020.1719
2025-08-07,760.6957397460938,2512140032.0,1910974219988.0156
2025-08-08,768.1546630859375,2512140032.0,1929712079905.6562
2025-08-11,764.729736328125,2512140032.0,1921108184290.6875
2025-08-12,788.8237915039062,2512140032.0,1981635824830.9844
2025-08-13,778.9186401367188,2512140032.0,1956752697558.4531
2025-08-14,780.9655151367188,2512140032.0,1961894734186.4531
2025-08-15,784.0609130859375,2512140032.0,1969670807289.6562
2025-08-18,766.2274780273438,2512140032.0,1924870721170.8906
2025-08-19,750.3611450195312,2512140032.0,1885012270860.9219
2025-08-20,746.6067504882812,2512140032.0,1875580706063.0469
2025-08-21,737.9995727539062,2512140032.0,1853958270313.9844
2025-08-22,753.6661987304688,2512140032.0,1893315028596.0781
2025-08-25,752.1784057617188,2512140032.0,1889577484319.9531
2025-08-26,752.9772338867188,2512140032.0,1891584252431.4531
2025-08-27,746.2672729492188,2512140032.0,1874727890947.2031
2025-08-28,749.99169921875,2512140032.0,1884084171275.125
2025-08-29,737.6002197265625,2512140032.0,1852955039587.0938
2025-09-02,734.0155029296875,2512140032.0,1843949729018.2812
2025-09-03,735.95263671875,2512140032.0,1848816080357.125
2025-09-04,747.535400390625,2512140032.0,1877913604658.4375
2025-09-05,751.3297119140625,2512140032.0,1887445446530.3438
2025-09-08,751.1798706054688,2512140032.0,1887069024180.5781
2025-09-09,764.5599975585938,2512140032.0,1920681776732.7656
2025-09-10,750.8604125976562,2512140032.0,1886266500930.6094
2025-09-11,749.7820434570312,2512140032.0,1883557486643.1719
2025-09-12,754.4650268554688,2512140032.0,1895321796707.5781
2025-09-15,763.5614624023438,2512140032.0,1918173316593.3906
2025-09-16,777.8401489257812,2512140032.0,1954043376613.2969
2025-09-17,774.5650634765625,2512141475.0,1945817021045.4805
2025-09-18,779.0883178710938,2512141475.0,1957180076011.9583
2025-09-19,777.2210693359375,2512141475.0,1952489283522.6592
2025-09-22,764.5364379882812,2518176708.0,1925237850559.3762
2025-09-23,754.784423828125,2555544829.0,1928885431323.7092
2025-09-24,760.0401000976562,2555544829.0,1942316547637.2078
2025-09-25,748.2996826171875,2555544829.0,1912313384454.6948
2025-09-26,743.1439208984375,2551555640.0,1896173062700.122
2025-09-29,742.794189453125,2551555640.0,1895280703458.3496
2025-09-30,733.7815551757812,2513324216.0,1844230951877.4312
2025-10-01,716.7554321289062,2544194044.0,1823564901427.0095
2025-10-02,726.45751953125,2603404205.0,1891262561101.526
2025-10-03,709.98095703125,2512141475.0,1783572608618.396
2025-10-06,715.0767822265625,2570440863.0,1838062581217.7085
2025-10-07,712.4989013671875,2512141475.0,1789898041016.4458
2025-10-08,717.2550659179688,2521230673.0,1808365472557.0198
2025-10-09,732.9122314453125,2521230673.0,1847840798536.7969
2025-10-10,704.7252197265625,2512141475.0,1770369452953.586
2025-10-13,715.1167602539062,2512141475.0,1796474472901.4695
2025-10-14,708.072509765625,2512141475.0,1778778319089.569
2025-10-15,716.9652709960938,2537133498.0,1819036605946.8374
2025-10-16,711.48974609375,2512141475.0,1787362900199.3286
2025-10-17,716.3357543945312,2512141475.0,1799536758639.9155
2025-10-20,731.5733032226562,2459800191.0,1799524150997.5908
2025-10-21,732.6724853515625,2459800191.0,1802227919408.2183
2025-10-22,732.8123168945312,2456110172.0,1799867785691.5457
2025-10-23,733.40185546875,2512141475.0,1842409218965.0024
2025-10-24,737.75830078125,2497307333.0,1842409214522.6353
2025-10-27,750.2081298828125,2470452012.0,1853353183887.7515
2025-10-28,750.82763671875,2512141475.0,1886185246777.4048
2025-10-29,751.0574340820312,2512141475.0,1886762530264.5493
2025-10-30,665.9268798828125,2512141475.0,1672902534270.9565
2025-10-31,647.8216552734375,2520527597.0,1632852360050.92
2025-11-03,637.1903686523438,2520527597.0,1606055908730.8362
2025-11-04,626.8087768554688,2520527597.0,1579888820106.024
2025-11-05,635.4317626953125,2520527597.0,1601623293883.8901
2025-11-06,618.4356079101562,2520527597.0,1558784016705.0203
2025-11-07,621.203369140625,2520527597.0,1565760235268.3235
2025-11-10,631.2451782226562,2520527597.0,1591070892183.3884
2025-11-11,626.5690307617188,2520527597.0,1579284533460.454
2025-11-12,608.5137329101562,2520527597.0,1533775656953.536
2025-11-13,609.3930053710938,2520527597.0,1535991887456.611
2025-11-14,608.96337890625,2520527597.0,1534909002095.5708
2025-11-17,601.5194091796875,2520527597.0,1516146270968.5376
2025-11-18,597.2029418945312,2520527597.0,1505266496054.7534
2025-11-19,589.8389282226562,2520527597.0,1486705296370.1072
2025-11-20,588.669921875,2520527597.0,1483758783609.7715
2025-11-21,593.7657470703125,2520527597.0,1496602951644.0444
2025-11-24,612.5504150390625,2520527597.0,1543950225659.7607
2025-11-25,635.7014770507812,2520527597.0,1602303116360.1562
2025-11-26,633.0936279296875,2520527597.0,1595729960681.6274
2025-11-28,647.4219970703125,2520527597.0,1631845010520.5757
2025-12-01,640.3477172851562,2520527597.0,1614014093093.1902
2025-12-02,646.5726318359375,2520527597.0,1629704162007.4014
2025-12-03,639.0787353515625,2520527597.0,1610815589109.4727
2025-12-04,660.990966796875,2520527597.0,1666045973179.2341
2025-12-05,672.8712158203125,2520527597.0,1695990468702.0405
2025-12-08,666.256591796875,2520527597.0,1679318126307.1873
2025-12-09,656.4246826171875,2520527597.0,1654536527888.5874
2025-12-10,649.6002197265625,2520527597.0,1637335280838.0645
2025-12-11,652.1781005859375,2520527597.0,1643832900685.8975
2025-12-12,643.7050170898438,2520527597.0,1622476259902.3079
2025-12-15,647.510009765625,2520527597.0,1632066848947.9973
2025-12-16,657.1500244140625,2520527597.0,1656364771904.8682
2025-12-17,649.5,2520527597.0,1637082674251.5
2025-12-18,664.4500122070312,2520527597.0,1674764592594.809
2025-12-19,658.77001953125,2520527597.0,1660448014304.7446
2025-12-22,661.5,2520527597.0,1667329005415.5
2025-12-23,664.9400024414062,2520527597.0,1675999626502.8118
2025-12-24,667.5499877929688,2520527597.0,1682578166609.191
2025-12-26,663.2899780273438,2520527597.0,1671840694431.4436
2025-12-29,658.6900024414062,2520527597.0,1660246329021.5618
2025-12-30,665.9500122070312,2520527597.0,1678545383990.309
