Price,Close,High,Low,Open,Volume
Ticker,^SP500EW,^SP500EW,^SP500EW,^SP500EW,^SP500EW
Date,,,,,
2023-01-03,5732.39013671875,5801.2998046875,5689.6298828125,5739.52978515625,0
2023-01-04,5822.89990234375,5845.85986328125,5732.39013671875,5732.39013671875,0
2023-01-05,5762.18994140625,5822.89990234375,5744.740234375,5822.89990234375,0
2023-01-06,5900.509765625,5915.06005859375,5762.18994140625,5762.18994140625,0
2023-01-09,5900.7001953125,5976.16015625,5898.77001953125,5900.56982421875,0
2023-01-10,5945.08984375,5946.2099609375,5875.52978515625,5900.7001953125,0
2023-01-11,6016.72021484375,6017.56005859375,5945.08984375,5945.08984375,0
2023-01-12,6038.89013671875,6059.7099609375,5978.669921875,6016.72021484375,0
2023-01-13,6053.02001953125,6061.0400390625,5982.16015625,6038.89013671875,0
2023-01-17,6039.39990234375,6076.52001953125,6032.72021484375,6053.02001953125,0
2023-01-18,5946.47021484375,6077.740234375,5944.2001953125,6039.39990234375,0
2023-01-19,5883.830078125,5946.47021484375,5863.3701171875,5946.47021484375,0
2023-01-20,5989.56982421875,5990.91015625,5873.2001953125,5883.830078125,0
2023-01-23,6064.43994140625,6088.60009765625,5989.56982421875,5989.56982421875,0
2023-01-24,6051.0400390625,6065.27978515625,6012.580078125,6064.43994140625,0
2023-01-25,6063.14990234375,6063.56005859375,5967.16015625,6051.0400390625,0
2023-01-26,6114.3798828125,6115.85009765625,6050.7099609375,6063.14990234375,0
2023-01-27,6123.009765625,6152.509765625,6089.5,6114.3798828125,0
2023-01-30,6057.2998046875,6124.490234375,6054.14990234375,6122.77978515625,0
2023-01-31,6158.68017578125,6158.85009765625,6057.2998046875,6057.2998046875,0
2023-02-01,6222.72021484375,6262.41015625,6101.97021484375,6158.58984375,0
2023-02-02,6290.759765625,6321.240234375,6222.72021484375,6222.72021484375,0
2023-02-03,6214.990234375,6290.759765625,6197.06982421875,6290.759765625,0
2023-02-06,6168.18994140625,6215.0,6148.58984375,6215.0,0
2023-02-07,6226.47021484375,6243.60986328125,6121.580078125,6168.18994140625,0
2023-02-08,6163.60986328125,6226.47021484375,6153.35986328125,6226.47021484375,0
2023-02-09,6107.18994140625,6223.2998046875,6090.06005859375,6163.60986328125,0
2023-02-10,6124.77978515625,6129.85986328125,6079.18994140625,6107.18994140625,0
2023-02-13,6192.35009765625,6193.1298828125,6121.5400390625,6124.81005859375,0
2023-02-14,6181.7998046875,6224.68017578125,6127.3798828125,6192.22021484375,0
2023-02-15,6209.93017578125,6210.60986328125,6139.64990234375,6181.7998046875,0
2023-02-16,6137.81982421875,6209.93017578125,6122.0,6209.93017578125,0
2023-02-17,6122.8798828125,6137.81982421875,6075.81982421875,6137.81982421875,0
2023-02-21,5990.5498046875,6122.7099609375,5982.68994140625,6122.7099609375,0
2023-02-22,5982.4501953125,6021.02001953125,5961.97998046875,5990.5498046875,0
2023-02-23,6006.240234375,6031.81982421875,5943.7001953125,5983.14013671875,0
2023-02-24,5953.56982421875,6005.9599609375,5907.7900390625,6005.9599609375,0
2023-02-27,5960.27978515625,6024.9501953125,5946.669921875,5953.56982421875,0
2023-02-28,5944.16015625,5987.7998046875,5942.52978515625,5960.27978515625,0
2023-03-01,5929.89013671875,5952.10986328125,5907.080078125,5944.16015625,0
2023-03-02,5976.22021484375,5988.18017578125,5888.64990234375,5929.89013671875,0
2023-03-03,6058.60986328125,6066.1298828125,5976.22021484375,5976.22021484375,0
2023-03-06,6028.72021484375,6084.31005859375,6020.60009765625,6058.60986328125,0
2023-03-07,5930.83984375,6034.9599609375,5923.66015625,6028.72021484375,0
2023-03-08,5943.9599609375,5960.580078125,5909.7001953125,5930.83984375,0
2023-03-09,5810.9599609375,5962.9599609375,5799.669921875,5943.9599609375,0
2023-03-10,5688.35009765625,5813.47998046875,5659.080078125,5810.9599609375,0
2023-03-13,5631.8798828125,5705.990234375,5570.0,5688.35009765625,0
2023-03-14,5707.0400390625,5757.68994140625,5631.8798828125,5631.8798828125,0
2023-03-15,5606.81005859375,5694.52001953125,5530.9501953125,5694.52001953125,0
2023-03-16,5682.2001953125,5692.77001953125,5549.60986328125,5605.4599609375,0
2023-03-17,5585.7900390625,5682.2001953125,5567.3701171875,5682.2001953125,0
2023-03-20,5657.35009765625,5677.31005859375,5586.14990234375,5586.14990234375,0
2023-03-21,5730.81005859375,5743.1201171875,5657.35009765625,5657.35009765625,0
2023-03-22,5604.0400390625,5751.27978515625,5602.7001953125,5730.81005859375,0
2023-03-23,5586.02001953125,5686.990234375,5546.60986328125,5604.0400390625,0
2023-03-24,5630.77001953125,5634.39990234375,5522.5400390625,5586.02001953125,0
2023-03-27,5668.47021484375,5696.3701171875,5630.77001953125,5630.77001953125,0
2023-03-28,5680.259765625,5696.0400390625,5655.93994140625,5668.47021484375,0
2023-03-29,5765.7099609375,5769.39013671875,5680.259765625,5680.259765625,0
2023-03-30,5791.93017578125,5819.6201171875,5765.7099609375,5765.7099609375,0
2023-03-31,5878.10009765625,5879.580078125,5791.93017578125,5791.93017578125,0
2023-04-03,5883.10009765625,5904.14013671875,5855.259765625,5878.10009765625,0
2023-04-04,5824.31982421875,5893.85009765625,5798.1298828125,5883.06005859375,0
2023-04-05,5810.93994140625,5826.10009765625,5786.169921875,5824.009765625,0
2023-04-06,5813.66015625,5820.60009765625,5785.16015625,5810.93994140625,0
2023-04-10,5849.990234375,5850.64013671875,5786.77978515625,5813.66015625,0
2023-04-11,5886.5,5907.93017578125,5849.990234375,5849.990234375,0
2023-04-12,5856.509765625,5924.10986328125,5849.7001953125,5886.5,0
2023-04-13,5903.43017578125,5913.16015625,5845.5400390625,5856.509765625,0
2023-04-14,5875.81005859375,5929.72021484375,5846.5498046875,5903.43017578125,0
2023-04-17,5914.72021484375,5915.1298828125,5868.18017578125,5875.81005859375,0
2023-04-18,5916.759765625,5938.419921875,5894.77978515625,5914.72021484375,0
2023-04-19,5917.2099609375,5924.669921875,5885.81005859375,5916.759765625,0
2023-04-20,5885.33984375,5917.2099609375,5866.1201171875,5917.2099609375,0
2023-04-21,5885.7099609375,5894.35986328125,5855.52978515625,5885.2900390625,0
2023-04-24,5897.9501953125,5901.52978515625,5874.009765625,5885.7001953125,0
2023-04-25,5796.009765625,5897.9501953125,5794.830078125,5897.9501953125,0
2023-04-26,5736.60009765625,5796.009765625,5726.68017578125,5796.009765625,0
2023-04-27,5829.27001953125,5830.81005859375,5736.60009765625,5736.60009765625,0
2023-04-28,5892.43017578125,5895.490234375,5819.759765625,5829.27001953125,0
2023-05-01,5889.39013671875,5922.35009765625,5885.14013671875,5892.419921875,0
2023-05-02,5802.009765625,5889.39013671875,5746.1298828125,5889.39013671875,0
2023-05-03,5766.2099609375,5853.2099609375,5762.5400390625,5802.009765625,0
2023-05-04,5712.06005859375,5766.2099609375,5692.080078125,5766.2099609375,0
2023-05-05,5807.89990234375,5822.580078125,5712.06005859375,5712.06005859375,0
2023-05-08,5797.080078125,5820.759765625,5779.31982421875,5807.990234375,0
2023-05-09,5772.16015625,5796.8701171875,5755.64990234375,5796.8701171875,0
2023-05-10,5772.64990234375,5819.3701171875,5721.27978515625,5772.669921875,0
2023-05-11,5742.81005859375,5772.64990234375,5714.81005859375,5772.64990234375,0
2023-05-12,5742.72021484375,5769.330078125,5706.41015625,5742.81005859375,0
2023-05-15,5774.72998046875,5783.47998046875,5732.77978515625,5742.72021484375,0
2023-05-16,5693.43994140625,5774.72998046875,5693.16015625,5774.72998046875,0
2023-05-17,5765.080078125,5775.81982421875,5693.43994140625,5693.43994140625,0
2023-05-18,5809.56005859375,5815.64990234375,5744.93994140625,5765.080078125,0
2023-05-19,5793.08984375,5834.27978515625,5774.02001953125,5809.56005859375,0
2023-05-22,5802.990234375,5826.10009765625,5768.9501953125,5793.08984375,0
2023-05-23,5739.31982421875,5802.990234375,5736.830078125,5802.990234375,0
2023-05-24,5675.31005859375,5739.31982421875,5666.41015625,5739.31982421875,0
2023-05-25,5672.66015625,5691.06005859375,5635.4599609375,5675.31005859375,0
2023-05-26,5719.169921875,5727.080078125,5672.66015625,5672.66015625,0
2023-05-30,5707.72021484375,5744.06005859375,5691.39013671875,5719.169921875,0
2023-05-31,5657.330078125,5707.72021484375,5626.9599609375,5707.72021484375,0
2023-06-01,5700.52978515625,5717.02978515625,5635.8701171875,5657.330078125,0
2023-06-02,5823.6201171875,5833.4599609375,5700.52978515625,5700.52978515625,0
2023-06-05,5803.97021484375,5831.41015625,5793.64990234375,5823.6201171875,0
2023-06-06,5842.490234375,5849.990234375,5797.4501953125,5803.97021484375,0
2023-06-07,5884.4501953125,5891.83984375,5839.68017578125,5842.490234375,0
2023-06-08,5887.0,5894.27001953125,5848.580078125,5884.4501953125,0
2023-06-09,5877.7998046875,5906.14013671875,5868.330078125,5887.0,0
2023-06-12,5917.81982421875,5921.64013671875,5873.91015625,5877.7998046875,0
2023-06-13,5975.31005859375,5982.43994140625,5917.81982421875,5917.81982421875,0
2023-06-14,5961.56005859375,6009.1201171875,5928.4599609375,5975.240234375,0
2023-06-15,6029.60986328125,6042.3798828125,5950.25,5961.56005859375,0
2023-06-16,6022.259765625,6065.52978515625,6015.18017578125,6029.830078125,0
2023-06-20,5967.72021484375,6022.259765625,5947.85009765625,6022.259765625,0
2023-06-21,5960.22021484375,5981.6201171875,5930.2099609375,5967.72021484375,0
2023-06-22,5935.02001953125,5960.22021484375,5913.4599609375,5960.22021484375,0
2023-06-23,5884.64990234375,5935.02001953125,5875.27001953125,5935.02001953125,0
2023-06-26,5919.2099609375,5935.18017578125,5884.64990234375,5884.64990234375,0
2023-06-27,5991.6298828125,5999.72998046875,5919.10009765625,5919.2099609375,0
2023-06-28,5979.669921875,5991.6298828125,5955.58984375,5991.6298828125,0
2023-06-29,6025.35986328125,6026.31982421875,5970.1201171875,5979.669921875,0
2023-06-30,6081.9599609375,6094.66015625,6025.35986328125,6025.35986328125,0
2023-07-03,6099.93994140625,6103.39990234375,6063.43017578125,6081.9599609375,0
2023-07-05,6069.58984375,6099.93994140625,6050.330078125,6099.93994140625,0
2023-07-06,6019.43994140625,6069.58984375,5970.93994140625,6069.58984375,0
2023-07-07,6033.5400390625,6084.22998046875,6003.240234375,6019.43994140625,0
2023-07-10,6086.68017578125,6093.43994140625,6024.77001953125,6033.5400390625,0
2023-07-11,6154.85009765625,6160.7900390625,6086.68017578125,6086.68017578125,0
2023-07-12,6182.7998046875,6212.56982421875,6154.85009765625,6154.85009765625,0
2023-07-13,6213.31982421875,6221.35009765625,6182.7998046875,6182.7998046875,0
2023-07-14,6174.240234375,6213.31982421875,6161.2001953125,6213.31982421875,0
2023-07-17,6187.68994140625,6204.22998046875,6147.740234375,6174.240234375,0
2023-07-18,6225.75,6237.4501953125,6183.7900390625,6187.68994140625,0
2023-07-19,6256.2001953125,6267.72998046875,6225.77978515625,6225.77978515625,0
2023-07-20,6249.3798828125,6260.27001953125,6230.009765625,6256.2001953125,0
2023-07-21,6259.60986328125,6277.68994140625,6240.259765625,6249.3798828125,0
2023-07-24,6274.830078125,6286.9599609375,6257.43017578125,6259.52978515625,0
2023-07-25,6281.08984375,6298.0400390625,6261.27978515625,6274.830078125,0
2023-07-26,6292.81005859375,6307.14013671875,6266.66015625,6281.08984375,0
2023-07-27,6237.85009765625,6324.64013671875,6228.52001953125,6292.7900390625,0
2023-07-28,6268.93017578125,6291.33984375,6237.85009765625,6237.85009765625,0
2023-07-31,6286.02978515625,6300.33984375,6266.31982421875,6268.93017578125,0
2023-08-01,6261.7998046875,6286.02978515625,6243.5498046875,6286.02978515625,0
2023-08-02,6200.60986328125,6261.7998046875,6189.47021484375,6261.7998046875,0
2023-08-03,6172.10986328125,6200.4599609375,6147.72998046875,6200.4599609375,0
2023-08-04,6141.7900390625,6215.41015625,6136.4501953125,6172.10986328125,0
2023-08-07,6193.919921875,6197.4599609375,6141.7900390625,6141.7900390625,0
2023-08-08,6162.4599609375,6193.919921875,6105.169921875,6193.919921875,0
2023-08-09,6145.77001953125,6185.93017578125,6137.509765625,6162.5498046875,0
2023-08-10,6137.580078125,6212.18017578125,6124.66015625,6145.77001953125,0
2023-08-11,6137.60986328125,6153.009765625,6113.06005859375,6137.580078125,0
2023-08-14,6136.10986328125,6137.60986328125,6104.669921875,6137.60986328125,0
2023-08-15,6052.9599609375,6136.10986328125,6048.35986328125,6136.10986328125,0
2023-08-16,6009.52001953125,6070.35009765625,6009.2001953125,6052.9599609375,0
2023-08-17,5961.97998046875,6032.2099609375,5959.47998046875,6009.52001953125,0
2023-08-18,5968.91015625,5981.47998046875,5918.66015625,5961.97998046875,0
2023-08-21,5969.22998046875,5986.56005859375,5930.6201171875,5968.97021484375,0
2023-08-22,5947.10986328125,5989.60986328125,5942.4501953125,5969.22998046875,0
2023-08-23,5997.10986328125,6001.77001953125,5947.10986328125,5947.10986328125,0
2023-08-24,5938.4599609375,6032.97021484375,5938.0,5997.10986328125,0
2023-08-25,5968.27001953125,5990.89990234375,5918.31005859375,5938.4599609375,0
2023-08-28,6011.509765625,6027.18017578125,5968.27001953125,5968.27001953125,0
2023-08-29,6079.7001953125,6081.33984375,6007.39990234375,6011.509765625,0
2023-08-30,6096.080078125,6106.14013671875,6077.6201171875,6079.7001953125,0
2023-08-31,6074.35986328125,6107.91015625,6074.18017578125,6096.080078125,0
2023-09-01,6097.009765625,6123.89013671875,6074.35986328125,6074.35986328125,0
2023-09-05,6024.06005859375,6097.009765625,6023.64013671875,6097.009765625,0
2023-09-06,6003.2900390625,6027.080078125,5973.759765625,6024.06005859375,0
2023-09-07,5976.490234375,6003.2900390625,5956.22998046875,6003.2900390625,0
2023-09-08,5978.9599609375,5993.81982421875,5969.080078125,5976.490234375,0
2023-09-11,5988.33984375,6015.990234375,5978.5,5978.9599609375,0
2023-09-12,5979.490234375,6007.10986328125,5973.240234375,5988.33984375,0
2023-09-13,5956.66015625,5990.580078125,5940.68017578125,5979.4599609375,0
2023-09-14,6023.83984375,6027.5400390625,5956.66015625,5956.66015625,0
2023-09-15,5971.85009765625,6023.83984375,5967.22998046875,6023.83984375,0
2023-09-18,5958.68017578125,5977.08984375,5944.080078125,5971.85009765625,0
2023-09-19,5947.2099609375,5964.8701171875,5921.1298828125,5958.68017578125,0
2023-09-20,5922.33984375,5990.740234375,5920.7998046875,5947.2099609375,0
2023-09-21,5821.81005859375,5922.35986328125,5821.080078125,5922.35986328125,0
2023-09-22,5798.08984375,5840.06982421875,5794.77001953125,5821.830078125,0
2023-09-25,5812.72998046875,5814.2900390625,5774.22021484375,5798.08984375,0
2023-09-26,5730.2998046875,5812.72998046875,5726.3798828125,5812.72998046875,0
2023-09-27,5733.14013671875,5761.5498046875,5695.81005859375,5730.2998046875,0
2023-09-28,5770.990234375,5793.0498046875,5733.080078125,5733.14013671875,0
2023-09-29,5754.77001953125,5817.2900390625,5739.77001953125,5770.990234375,0
2023-10-02,5691.06982421875,5754.77001953125,5663.9599609375,5754.77001953125,0
2023-10-03,5621.56005859375,5691.06982421875,5602.91015625,5691.06982421875,0
2023-10-04,5655.72998046875,5659.83984375,5586.14013671875,5621.56005859375,0
2023-10-05,5636.5,5660.66015625,5604.009765625,5655.72998046875,0
2023-10-06,5684.2998046875,5715.10009765625,5578.22998046875,5636.5,0
2023-10-09,5726.77001953125,5734.4501953125,5658.91015625,5684.2998046875,0
2023-10-10,5770.97998046875,5803.77978515625,5726.77001953125,5726.77001953125,0
2023-10-11,5782.85009765625,5794.169921875,5742.66015625,5770.97998046875,0
2023-10-12,5708.0,5791.509765625,5677.47998046875,5782.85009765625,0
2023-10-13,5696.830078125,5742.77978515625,5673.669921875,5708.0,0
2023-10-16,5766.97021484375,5777.66015625,5696.830078125,5696.830078125,0
2023-10-17,5796.18994140625,5825.2001953125,5733.31005859375,5766.97021484375,0
2023-10-18,5703.5400390625,5796.18994140625,5696.68994140625,5796.18994140625,0
2023-10-19,5633.72021484375,5726.3798828125,5624.490234375,5703.5400390625,0
2023-10-20,5562.7099609375,5633.72021484375,5561.8798828125,5633.72021484375,0
2023-10-23,5528.14990234375,5587.1298828125,5517.83984375,5562.7099609375,0
2023-10-24,5563.9599609375,5588.08984375,5528.14990234375,5528.14990234375,0
2023-10-25,5501.52001953125,5563.9599609375,5494.91015625,5563.9599609375,0
2023-10-26,5492.0,5536.4599609375,5483.56005859375,5501.52001953125,0
2023-10-27,5426.22021484375,5499.64013671875,5413.97998046875,5492.0,0
2023-10-30,5467.52001953125,5481.14013671875,5421.2900390625,5426.25,0
2023-10-31,5514.31982421875,5518.14990234375,5459.2998046875,5467.52001953125,0
2023-11-01,5532.330078125,5540.6298828125,5487.06005859375,5514.31982421875,0
2023-11-02,5653.0400390625,5657.31982421875,5532.330078125,5532.330078125,0
2023-11-03,5744.60009765625,5771.1298828125,5653.0400390625,5653.0400390625,0
2023-11-06,5714.02978515625,5753.8798828125,5696.830078125,5744.60009765625,0
2023-11-07,5702.6298828125,5717.56982421875,5683.16015625,5714.02978515625,0
2023-11-08,5693.0400390625,5716.85009765625,5670.18017578125,5702.6298828125,0
2023-11-09,5643.68017578125,5715.490234375,5640.72998046875,5693.0400390625,0
2023-11-10,5710.259765625,5714.47021484375,5639.52978515625,5643.68017578125,0
2023-11-13,5700.18994140625,5716.08984375,5681.47998046875,5710.259765625,0
2023-11-14,5861.56005859375,5878.89013671875,5700.18994140625,5700.18994140625,0
2023-11-15,5888.02001953125,5927.27978515625,5861.56005859375,5861.56005859375,0
2023-11-16,5868.169921875,5897.33984375,5851.31005859375,5888.02001953125,0
2023-11-17,5895.35986328125,5898.64990234375,5868.169921875,5868.169921875,0
2023-11-20,5919.509765625,5932.81005859375,5870.33984375,5895.35986328125,0
2023-11-21,5908.77978515625,5919.580078125,5896.490234375,5919.4501953125,0
2023-11-22,5935.41015625,5950.1298828125,5909.759765625,5909.759765625,0
2023-11-24,5954.4599609375,5956.6298828125,5930.18994140625,5935.41015625,0
2023-11-27,5938.60986328125,5954.4599609375,5920.68994140625,5954.4599609375,0
2023-11-28,5933.85009765625,5961.64990234375,5921.169921875,5938.60986328125,0
2023-11-29,5955.35009765625,5997.22998046875,5933.85009765625,5933.85009765625,0
2023-11-30,6003.16015625,6005.89013671875,5947.9599609375,5955.35009765625,0
2023-12-01,6094.2900390625,6095.58984375,5993.68994140625,6003.2001953125,0
2023-12-04,6095.830078125,6110.2001953125,6055.9599609375,6094.2900390625,0
2023-12-05,6041.7998046875,6095.830078125,6030.990234375,6095.830078125,0
2023-12-06,6045.5400390625,6097.68017578125,6039.990234375,6042.1201171875,0
2023-12-07,6074.56005859375,6081.330078125,6045.5400390625,6045.5400390625,0
2023-12-08,6093.3701171875,6108.39990234375,6068.02001953125,6074.56005859375,0
2023-12-11,6147.240234375,6148.39990234375,6093.3701171875,6093.3701171875,0
2023-12-12,6158.93994140625,6166.56982421875,6120.759765625,6147.240234375,0
2023-12-13,6288.4599609375,6289.52001953125,6149.6201171875,6158.93994140625,0
2023-12-14,6368.080078125,6399.64990234375,6288.4599609375,6288.4599609375,0
2023-12-15,6325.2998046875,6368.080078125,6305.75,6368.080078125,0
2023-12-18,6330.1298828125,6347.9501953125,6320.75,6325.2998046875,0
2023-12-19,6384.25,6385.169921875,6330.1298828125,6330.1298828125,0
2023-12-20,6274.5498046875,6388.66015625,6273.3701171875,6384.25,0
2023-12-21,6351.85986328125,6353.97021484375,6274.5498046875,6274.5498046875,0
2023-12-22,6373.35986328125,6397.02978515625,6348.0,6351.85986328125,0
2023-12-26,6412.1298828125,6427.5400390625,6373.35986328125,6373.35986328125,0
2023-12-27,6420.2998046875,6426.0400390625,6399.080078125,6412.1298828125,0
2023-12-28,6427.68994140625,6436.27001953125,6415.080078125,6420.2998046875,0
2023-12-29,6402.89013671875,6431.52001953125,6385.89013671875,6427.68994140625,0
2024-01-02,6401.10986328125,6424.97021484375,6362.22998046875,6402.89013671875,0
2024-01-03,6308.08984375,6401.10986328125,6302.4501953125,6401.10986328125,0
2024-01-04,6299.08984375,6341.10009765625,6297.81982421875,6308.08984375,0
2024-01-05,6317.18017578125,6352.9599609375,6282.830078125,6299.08984375,0
2024-01-08,6385.0,6385.89990234375,6303.4599609375,6317.47998046875,0
2024-01-09,6354.080078125,6384.66015625,6334.509765625,6384.66015625,0
2024-01-10,6364.0498046875,6375.08984375,6333.39990234375,6354.080078125,0
2024-01-11,6344.43994140625,6364.06982421875,6296.06005859375,6364.06982421875,0
2024-01-12,6332.3798828125,6384.240234375,6317.58984375,6344.43994140625,0
2024-01-16,6289.72021484375,6332.3798828125,6269.490234375,6332.3798828125,0
2024-01-17,6239.419921875,6289.72021484375,6211.7900390625,6289.72021484375,0
2024-01-18,6272.0,6278.10009765625,6214.58984375,6239.3798828125,0
2024-01-19,6321.990234375,6331.83984375,6252.27978515625,6271.990234375,0
2024-01-22,6354.4501953125,6376.93994140625,6321.97998046875,6321.97998046875,0
2024-01-23,6357.7001953125,6382.56982421875,6334.8798828125,6354.4501953125,0
2024-01-24,6323.419921875,6396.1201171875,6320.64013671875,6357.7001953125,0
2024-01-25,6385.7001953125,6386.4501953125,6323.419921875,6323.419921875,0
2024-01-26,6386.81005859375,6407.60986328125,6377.35009765625,6385.7001953125,0
2024-01-29,6427.10009765625,6428.72021484375,6372.240234375,6386.77978515625,0
2024-01-30,6429.56982421875,6441.7001953125,6402.81982421875,6426.97021484375,0
2024-01-31,6344.31005859375,6429.6298828125,6342.31982421875,6429.6298828125,0
2024-02-01,6419.43994140625,6419.72021484375,6319.3701171875,6344.31005859375,0
2024-02-02,6414.10986328125,6443.02978515625,6357.85009765625,6419.43994140625,0
2024-02-05,6358.72998046875,6414.10986328125,6332.68017578125,6414.10986328125,0
2024-02-06,6395.06005859375,6400.009765625,6357.330078125,6358.72998046875,0
2024-02-07,6420.2900390625,6437.18994140625,6391.3701171875,6395.06005859375,0
2024-02-08,6434.72998046875,6437.759765625,6404.169921875,6420.2900390625,0
2024-02-09,6444.52001953125,6447.919921875,6411.0,6434.72998046875,0
2024-02-12,6485.27001953125,6506.7099609375,6444.52001953125,6444.52001953125,0
2024-02-13,6375.06982421875,6485.27001953125,6329.60986328125,6485.27001953125,0
2024-02-14,6437.919921875,6439.669921875,6375.06982421875,6375.06982421875,0
2024-02-15,6511.97998046875,6518.47998046875,6437.919921875,6437.919921875,0
2024-02-16,6482.58984375,6525.3798828125,6477.0498046875,6511.97998046875,0
2024-02-20,6462.27978515625,6482.58984375,6449.97998046875,6482.58984375,0
2024-02-21,6479.56982421875,6481.97021484375,6437.68994140625,6462.27978515625,0
2024-02-22,6546.43994140625,6560.240234375,6479.56982421875,6479.56982421875,0
2024-02-23,6561.3701171875,6577.08984375,6546.43994140625,6546.43994140625,0
2024-02-26,6533.2900390625,6578.08984375,6531.06982421875,6561.3701171875,0
2024-02-27,6561.490234375,6564.0400390625,6533.2900390625,6533.2900390625,0
2024-02-28,6562.60986328125,6578.25,6539.31005859375,6561.490234375,0
2024-02-29,6595.72021484375,6605.490234375,6562.60986328125,6562.60986328125,0
2024-03-01,6633.7998046875,6637.009765625,6567.27978515625,6595.72021484375,0
2024-03-04,6649.72998046875,6665.490234375,6632.89013671875,6633.7998046875,0
2024-03-05,6614.14990234375,6662.93994140625,6592.0400390625,6649.72998046875,0
2024-03-06,6654.83984375,6675.60009765625,6614.14990234375,6614.14990234375,0
2024-03-07,6705.740234375,6714.06005859375,6654.83984375,6654.83984375,0
2024-03-08,6694.1201171875,6743.18017578125,6686.669921875,6705.740234375,0
2024-03-11,6703.6201171875,6706.830078125,6660.2001953125,6694.1201171875,0
2024-03-12,6721.16015625,6733.16015625,6685.31005859375,6703.6201171875,0
2024-03-13,6722.02001953125,6746.5,6705.39013671875,6721.16015625,0
2024-03-14,6658.0,6722.6201171875,6619.47021484375,6722.02001953125,0
2024-03-15,6646.97021484375,6669.5498046875,6614.5498046875,6658.0,0
2024-03-18,6665.81982421875,6687.52978515625,6646.97021484375,6646.97021484375,0
2024-03-19,6704.2900390625,6706.6201171875,6660.68994140625,6665.81982421875,0
2024-03-20,6760.669921875,6766.97021484375,6691.7900390625,6704.2900390625,0
2024-03-21,6808.990234375,6825.509765625,6760.669921875,6760.669921875,0
2024-03-22,6765.080078125,6816.5400390625,6762.56005859375,6808.990234375,0
2024-03-25,6750.64013671875,6780.5400390625,6748.3798828125,6765.080078125,0
2024-03-26,6740.2001953125,6775.89990234375,6739.669921875,6750.64013671875,0
2024-03-27,6845.97021484375,6847.14013671875,6740.2001953125,6740.2001953125,0
2024-03-28,6875.8798828125,6888.47998046875,6845.97021484375,6845.97021484375,0
2024-04-01,6833.68994140625,6878.2900390625,6826.97021484375,6875.8798828125,0
2024-04-02,6771.47021484375,6833.68994140625,6752.52001953125,6833.68994140625,0
2024-04-03,6778.740234375,6791.06982421875,6760.89013671875,6771.47021484375,0
2024-04-04,6707.1201171875,6835.7900390625,6695.85009765625,6778.740234375,0
2024-04-05,6751.1298828125,6766.91015625,6704.0,6707.1201171875,0
2024-04-08,6768.240234375,6791.080078125,6751.1298828125,6751.1298828125,0
2024-04-09,6795.31982421875,6804.0498046875,6736.7001953125,6768.240234375,0
2024-04-10,6683.72021484375,6795.31982421875,6658.39013671875,6795.31982421875,0
2024-04-11,6676.85986328125,6702.259765625,6635.02001953125,6683.72021484375,0
2024-04-12,6570.830078125,6676.85986328125,6552.490234375,6676.85986328125,0
2024-04-15,6512.02978515625,6641.75,6491.7900390625,6570.830078125,0
2024-04-16,6477.08984375,6512.02978515625,6458.009765625,6512.02978515625,0
2024-04-17,6463.3701171875,6513.06982421875,6444.830078125,6477.08984375,0
2024-04-18,6460.18017578125,6508.18017578125,6443.41015625,6463.3701171875,0
2024-04-19,6480.1201171875,6500.8701171875,6460.18017578125,6460.18017578125,0
2024-04-22,6531.27978515625,6564.27978515625,6475.5498046875,6480.1201171875,0
2024-04-23,6587.740234375,6602.5400390625,6531.27978515625,6531.27978515625,0
2024-04-24,6597.9599609375,6604.3798828125,6561.7099609375,6587.740234375,0
2024-04-25,6579.9599609375,6597.9599609375,6513.1201171875,6597.9599609375,0
2024-04-26,6588.52978515625,6609.6201171875,6567.759765625,6579.9599609375,0
2024-04-29,6634.77978515625,6637.1298828125,6588.52978515625,6588.52978515625,0
2024-04-30,6535.35009765625,6634.77978515625,6534.56982421875,6634.77978515625,0
2024-05-01,6512.759765625,6599.18994140625,6494.580078125,6535.35009765625,0
2024-05-02,6553.39990234375,6568.91015625,6491.93994140625,6512.759765625,0
2024-05-03,6597.66015625,6624.5498046875,6553.39990234375,6553.39990234375,0
2024-05-06,6649.72021484375,6649.85009765625,6597.66015625,6597.66015625,0
2024-05-07,6668.419921875,6686.5400390625,6649.72021484375,6649.72021484375,0
2024-05-08,6665.56005859375,6670.7001953125,6638.97021484375,6668.419921875,0
2024-05-09,6720.77978515625,6721.85009765625,6661.56982421875,6665.56005859375,0
2024-05-10,6731.41015625,6748.2998046875,6720.77978515625,6720.77978515625,0
2024-05-13,6727.43994140625,6772.7001953125,6724.669921875,6731.41015625,0
2024-05-14,6755.64013671875,6768.33984375,6727.43994140625,6727.43994140625,0
2024-05-15,6808.83984375,6813.52978515625,6755.64013671875,6755.64013671875,0
2024-05-16,6795.89990234375,6820.009765625,6795.58984375,6808.83984375,0
2024-05-17,6805.2001953125,6810.7900390625,6786.18017578125,6795.89990234375,0
2024-05-20,6799.06005859375,6822.5,6790.9599609375,6805.2001953125,0
2024-05-21,6794.419921875,6799.06005859375,6776.52001953125,6799.06005859375,0
2024-05-22,6772.2099609375,6799.72998046875,6753.31005859375,6794.419921875,0
2024-05-23,6675.47998046875,6776.89990234375,6670.27001953125,6772.2099609375,0
2024-05-24,6720.5400390625,6728.93994140625,6675.47998046875,6675.47998046875,0
2024-05-28,6670.52978515625,6721.5498046875,6653.6201171875,6720.5400390625,0
2024-05-29,6592.56005859375,6670.52978515625,6590.8701171875,6670.52978515625,0
2024-05-30,6621.58984375,6629.56982421875,6586.93017578125,6592.56005859375,0
2024-05-31,6707.27978515625,6709.85986328125,6610.5,6621.58984375,0
2024-06-03,6672.47998046875,6720.0498046875,6621.830078125,6707.27978515625,0
2024-06-04,6652.6201171875,6672.47998046875,6626.0498046875,6672.47998046875,0
2024-06-05,6693.85986328125,6694.18994140625,6635.18994140625,6652.6201171875,0
2024-06-06,6679.22998046875,6704.81005859375,6665.25,6693.85986328125,0
2024-06-07,6655.89990234375,6693.66015625,6638.27001953125,6679.22998046875,0
2024-06-10,6672.009765625,6677.7001953125,6624.66015625,6655.89990234375,0
2024-06-11,6647.31005859375,6672.009765625,6607.9501953125,6672.009765625,0
2024-06-12,6682.35009765625,6728.6201171875,6647.31005859375,6647.31005859375,0
2024-06-13,6664.5400390625,6682.35009765625,6623.5400390625,6682.35009765625,0
2024-06-14,6617.89990234375,6664.5400390625,6577.68017578125,6664.5400390625,0
2024-06-17,6661.56005859375,6669.39013671875,6591.4501953125,6617.89990234375,0
2024-06-18,6679.990234375,6694.22021484375,6661.56005859375,6661.56005859375,0
2024-06-20,6684.02001953125,6695.68994140625,6668.52978515625,6679.990234375,0
2024-06-21,6692.02001953125,6696.7900390625,6654.43017578125,6684.02001953125,0
2024-06-24,6725.669921875,6757.7001953125,6692.02001953125,6692.02001953125,0
2024-06-25,6677.47021484375,6725.669921875,6656.93994140625,6725.669921875,0
2024-06-26,6653.27978515625,6677.47021484375,6631.56005859375,6677.47021484375,0
2024-06-27,6659.419921875,6660.5,6635.18994140625,6653.27978515625,0
2024-06-28,6663.7099609375,6699.1201171875,6635.490234375,6659.419921875,0
2024-07-01,6611.22998046875,6687.60986328125,6602.2998046875,6663.7099609375,0
2024-07-02,6638.8701171875,6639.41015625,6606.41015625,6611.22998046875,0
2024-07-03,6643.669921875,6669.169921875,6637.16015625,6638.8701171875,0
2024-07-05,6637.97021484375,6644.9501953125,6601.759765625,6643.669921875,0
2024-07-08,6649.7001953125,6668.47021484375,6630.58984375,6637.97021484375,0
2024-07-09,6638.27001953125,6672.330078125,6625.669921875,6649.7001953125,0
2024-07-10,6697.31982421875,6698.72021484375,6638.27001953125,6638.27001953125,0
2024-07-11,6775.64013671875,6783.72998046875,6697.31982421875,6697.31982421875,0
2024-07-12,6830.68017578125,6865.0,6775.64013671875,6775.64013671875,0
2024-07-15,6838.8701171875,6875.77978515625,6825.4599609375,6830.68017578125,0
2024-07-16,6958.16015625,6959.77978515625,6838.8701171875,6838.8701171875,0
2024-07-17,6932.7001953125,6979.68994140625,6926.52978515625,6958.16015625,0
2024-07-18,6872.4599609375,6988.5400390625,6860.18994140625,6932.7001953125,0
2024-07-19,6824.580078125,6887.509765625,6812.83984375,6872.4599609375,0
2024-07-22,6881.06982421875,6882.81005859375,6804.41015625,6824.580078125,0
2024-07-23,6856.77978515625,6884.60986328125,6852.64990234375,6881.06982421875,0
2024-07-24,6774.91015625,6857.77978515625,6770.7099609375,6856.77978515625,0
2024-07-25,6782.52978515625,6877.27001953125,6767.4501953125,6774.91015625,0
2024-07-26,6880.4599609375,6901.68994140625,6782.52978515625,6782.52978515625,0
2024-07-29,6890.64990234375,6907.330078125,6860.5,6880.4599609375,0
2024-07-30,6922.66015625,6943.18994140625,6889.419921875,6890.64990234375,0
2024-07-31,6956.259765625,7015.08984375,6922.66015625,6922.66015625,0
2024-08-01,6880.5400390625,6996.509765625,6841.97021484375,6956.259765625,0
2024-08-02,6760.10009765625,6880.5400390625,6692.91015625,6880.5400390625,0
2024-08-05,6598.52978515625,6760.10009765625,6562.64013671875,6760.10009765625,0
2024-08-06,6667.669921875,6748.169921875,6598.52978515625,6598.52978515625,0
2024-08-07,6616.64990234375,6764.18017578125,6614.18017578125,6667.669921875,0
2024-08-08,6740.2001953125,6744.41015625,6616.64990234375,6616.64990234375,0
2024-08-09,6752.16015625,6769.91015625,6693.7998046875,6740.2001953125,0
2024-08-12,6718.8701171875,6759.81005859375,6706.93017578125,6752.16015625,0
2024-08-13,6796.72998046875,6803.56005859375,6718.8701171875,6718.8701171875,0
2024-08-14,6812.330078125,6827.5498046875,6790.47998046875,6796.72998046875,0
2024-08-15,6901.419921875,6910.169921875,6812.330078125,6812.330078125,0
2024-08-16,6917.2998046875,6920.72021484375,6885.81005859375,6901.419921875,0
2024-08-19,6969.52001953125,6969.52001953125,6917.2998046875,6917.2998046875,0
2024-08-20,6940.02978515625,6969.64013671875,6932.02978515625,6969.52001953125,0
2024-08-21,6989.35986328125,6992.740234375,6940.02978515625,6940.02978515625,0
2024-08-22,6968.27978515625,7008.14990234375,6954.759765625,6989.35986328125,0
2024-08-23,7057.6298828125,7063.39013671875,6968.27978515625,6968.27978515625,0
2024-08-26,7054.419921875,7096.990234375,7047.66015625,7057.64990234375,0
2024-08-27,7055.419921875,7057.990234375,7032.39990234375,7054.419921875,0
2024-08-28,7036.16015625,7066.7998046875,7005.43017578125,7055.419921875,0
2024-08-29,7062.35009765625,7105.64990234375,7023.9599609375,7036.16015625,0
2024-08-30,7116.27978515625,7119.06005859375,7038.7099609375,7062.35009765625,0
2024-09-03,7021.759765625,7116.27978515625,6996.39013671875,7116.27978515625,0
2024-09-04,7015.1298828125,7052.330078125,6993.7998046875,7021.759765625,0
2024-09-05,6972.25,7026.509765625,6942.72998046875,7015.06005859375,0
2024-09-06,6891.830078125,7007.31982421875,6885.31982421875,6972.25,0
2024-09-09,6961.72021484375,6994.2998046875,6891.830078125,6891.830078125,0
2024-09-10,6963.31982421875,6973.3798828125,6912.97021484375,6961.72021484375,0
2024-09-11,6970.43994140625,6975.8798828125,6827.02978515625,6963.31982421875,0
2024-09-12,7010.16015625,7013.10986328125,6935.2998046875,6970.43994140625,0
2024-09-13,7076.990234375,7087.35009765625,7010.16015625,7010.16015625,0
2024-09-16,7123.52978515625,7132.83984375,7076.990234375,7076.990234375,0
2024-09-17,7133.3798828125,7176.5400390625,7115.81982421875,7123.52978515625,0
2024-09-18,7120.1298828125,7202.25,7113.33984375,7133.3798828125,0
2024-09-19,7198.7998046875,7218.72998046875,7120.1298828125,7120.1298828125,0
2024-09-20,7170.919921875,7198.7998046875,7139.08984375,7198.7998046875,0
2024-09-23,7206.7001953125,7208.9501953125,7170.919921875,7170.919921875,0
2024-09-24,7218.56982421875,7231.8798828125,7204.47998046875,7206.7001953125,0
2024-09-25,7171.64013671875,7227.35986328125,7162.39013671875,7218.56982421875,0
2024-09-26,7233.759765625,7251.33984375,7171.64013671875,7171.64013671875,0
2024-09-27,7260.0498046875,7298.85009765625,7233.759765625,7233.759765625,0
2024-09-30,7269.39990234375,7273.39013671875,7204.83984375,7260.0498046875,0
2024-10-01,7226.72998046875,7269.39990234375,7191.1298828125,7269.39990234375,0
2024-10-02,7219.31982421875,7236.0498046875,7189.16015625,7226.72998046875,0
2024-10-03,7187.5400390625,7219.31982421875,7162.02001953125,7219.31982421875,0
2024-10-04,7241.06982421875,7243.33984375,7187.5400390625,7187.5400390625,0
2024-10-07,7182.509765625,7240.919921875,7155.18017578125,7240.919921875,0
2024-10-08,7200.56982421875,7208.77001953125,7168.10986328125,7182.509765625,0
2024-10-09,7251.41015625,7258.7001953125,7192.60009765625,7200.56982421875,0
2024-10-10,7223.330078125,7251.580078125,7207.89013671875,7251.580078125,0
2024-10-11,7295.0400390625,7302.39990234375,7223.330078125,7223.330078125,0
2024-10-14,7344.509765625,7350.5498046875,7283.10986328125,7295.0400390625,0
2024-10-15,7313.18994140625,7384.2099609375,7308.72998046875,7344.509765625,0
2024-10-16,7361.31982421875,7370.5498046875,7313.18994140625,7313.18994140625,0
2024-10-17,7349.31005859375,7379.06982421875,7343.52978515625,7361.31982421875,0
2024-10-18,7371.56005859375,7377.6201171875,7337.85986328125,7349.31005859375,0
2024-10-21,7309.14990234375,7371.56005859375,7294.41015625,7371.56005859375,0
2024-10-22,7282.009765625,7309.14990234375,7245.31005859375,7309.14990234375,0
2024-10-23,7251.1201171875,7276.22998046875,7213.35986328125,7276.22998046875,0
2024-10-24,7253.490234375,7281.3701171875,7236.990234375,7251.1201171875,0
2024-10-25,7219.97998046875,7298.16015625,7215.16015625,7253.490234375,0
2024-10-28,7259.22998046875,7278.169921875,7219.97998046875,7219.97998046875,0
2024-10-29,7236.18994140625,7263.35986328125,7219.64990234375,7259.22998046875,0
2024-10-30,7223.5498046875,7268.10986328125,7212.10986328125,7236.18994140625,0
2024-10-31,7144.2998046875,7223.5498046875,7143.81005859375,7223.5498046875,0
2024-11-01,7148.7099609375,7210.43017578125,7144.0,7144.2998046875,0
2024-11-04,7154.990234375,7194.35986328125,7134.97021484375,7148.7099609375,0
2024-11-05,7239.5498046875,7240.22021484375,7143.759765625,7154.990234375,0
2024-11-06,7410.3798828125,7420.0,7239.5498046875,7239.5498046875,0
2024-11-07,7416.7998046875,7435.240234375,7401.18994140625,7410.3798828125,0
2024-11-08,7454.0498046875,7471.8798828125,7416.7998046875,7416.7998046875,0
2024-11-11,7493.7001953125,7524.81005859375,7454.39013671875,7454.39013671875,0
2024-11-12,7436.18994140625,7494.0,7415.3798828125,7494.0,0
2024-11-13,7439.39990234375,7473.10986328125,7431.6201171875,7436.18994140625,0
2024-11-14,7381.330078125,7450.81982421875,7377.85986328125,7439.669921875,0
2024-11-15,7325.52001953125,7381.330078125,7315.68994140625,7381.330078125,0
2024-11-18,7355.02978515625,7369.93017578125,7322.56005859375,7325.52001953125,0
2024-11-19,7336.14013671875,7355.02978515625,7276.7001953125,7355.02978515625,0
2024-11-20,7358.10009765625,7361.41015625,7302.93994140625,7336.14013671875,0
2024-11-21,7453.3798828125,7463.83984375,7358.10009765625,7358.10009765625,0
2024-11-22,7512.39013671875,7518.3701171875,7453.3798828125,7453.3798828125,0
2024-11-25,7578.56005859375,7607.77001953125,7512.39013671875,7512.39013671875,0
2024-11-26,7577.8798828125,7582.490234375,7540.5498046875,7578.56005859375,0
2024-11-27,7569.25,7610.33984375,7564.330078125,7577.8798828125,0
2024-11-29,7589.91015625,7612.31005859375,7569.25,7569.25,0
2024-12-02,7569.14013671875,7596.60986328125,7545.31982421875,7589.91015625,0
2024-12-03,7537.0400390625,7578.8701171875,7530.10986328125,7569.14013671875,0
2024-12-04,7536.33984375,7546.81005859375,7509.25,7537.0400390625,0
2024-12-05,7499.64013671875,7542.18994140625,7497.6201171875,7536.33984375,0
2024-12-06,7492.47021484375,7537.60009765625,7484.56982421875,7499.64013671875,0
2024-12-09,7457.009765625,7514.97021484375,7455.5,7492.47021484375,0
2024-12-10,7411.25,7457.009765625,7392.06982421875,7457.009765625,0
2024-12-11,7418.06982421875,7444.75,7411.22998046875,7411.25,0
2024-12-12,7391.330078125,7424.8701171875,7391.31005859375,7418.06982421875,0
2024-12-13,7363.1201171875,7391.330078125,7351.2998046875,7391.330078125,0
2024-12-16,7336.89013671875,7388.240234375,7332.490234375,7363.1201171875,0
2024-12-17,7281.5400390625,7336.89013671875,7268.68017578125,7336.89013671875,0
2024-12-18,7065.0400390625,7294.85986328125,7062.77978515625,7281.5400390625,0
2024-12-19,7039.91015625,7135.1201171875,7039.009765625,7065.0400390625,0
2024-12-20,7137.60986328125,7181.83984375,7019.72021484375,7039.91015625,0
2024-12-23,7150.35009765625,7155.81005859375,7084.990234375,7137.9501953125,0
2024-12-24,7206.25,7206.60986328125,7142.6298828125,7150.35009765625,0
2024-12-26,7213.509765625,7223.22998046875,7172.330078125,7206.25,0
2024-12-27,7161.77978515625,7214.31982421875,7129.330078125,7213.509765625,0
2024-12-30,7090.990234375,7161.77978515625,7038.7998046875,7161.77978515625,0
2024-12-31,7100.830078125,7135.47998046875,7076.16015625,7090.990234375,0
2025-01-02,7080.06005859375,7158.85009765625,7049.7001953125,7100.830078125,0
2025-01-03,7145.330078125,7156.18994140625,7076.85009765625,7080.06005859375,0
2025-01-06,7141.5498046875,7212.330078125,7132.81982421875,7145.330078125,0
2025-01-07,7117.7998046875,7186.43017578125,7093.830078125,7141.5498046875,0
2025-01-08,7128.33984375,7129.6201171875,7057.830078125,7117.7998046875,0
2025-01-10,7020.4501953125,7128.33984375,7014.14990234375,7128.33984375,0
2025-01-13,7078.68017578125,7079.490234375,6985.5498046875,7019.81982421875,0
2025-01-14,7134.08984375,7141.35009765625,7078.68017578125,7078.68017578125,0
2025-01-15,7202.1298828125,7248.93017578125,7134.08984375,7134.08984375,0
2025-01-16,7260.22998046875,7268.759765625,7186.830078125,7202.16015625,0
2025-01-17,7295.22998046875,7320.68017578125,7260.22998046875,7260.22998046875,0
2025-01-21,7380.77978515625,7381.68017578125,7295.22998046875,7295.22998046875,0
2025-01-22,7353.41015625,7388.1201171875,7351.97998046875,7380.77978515625,0
2025-01-23,7389.10009765625,7389.10986328125,7329.14013671875,7353.41015625,0
2025-01-24,7382.259765625,7405.60009765625,7371.02001953125,7389.10009765625,0
2025-01-27,7384.0498046875,7385.22021484375,7334.8701171875,7382.259765625,0
2025-01-28,7349.10986328125,7385.330078125,7334.10986328125,7384.0498046875,0
2025-01-29,7323.97021484375,7374.830078125,7311.60986328125,7349.10986328125,0
2025-01-30,7399.35986328125,7418.6298828125,7324.10986328125,7324.10986328125,0
2025-01-31,7342.27001953125,7421.18017578125,7333.259765625,7399.31005859375,0
2025-02-03,7297.39990234375,7342.27001953125,7199.33984375,7342.27001953125,0
2025-02-04,7307.06982421875,7323.02978515625,7282.3701171875,7297.39990234375,0
2025-02-05,7342.18994140625,7346.43994140625,7280.240234375,7307.06982421875,0
2025-02-06,7333.1201171875,7368.5400390625,7294.31005859375,7342.18994140625,0
2025-02-07,7295.7900390625,7364.580078125,7286.8798828125,7333.759765625,0
2025-02-10,7319.52978515625,7327.16015625,7291.47998046875,7295.7900390625,0
2025-02-11,7317.97998046875,7321.4599609375,7283.02978515625,7319.52978515625,0
2025-02-12,7277.27978515625,7317.7998046875,7235.580078125,7317.7998046875,0
2025-02-13,7338.35986328125,7343.7998046875,7277.27978515625,7277.27978515625,0
2025-02-14,7329.4599609375,7372.60986328125,7326.43017578125,7338.35986328125,0
2025-02-18,7385.18994140625,7385.25,7329.4599609375,7329.4599609375,0
2025-02-19,7399.6201171875,7405.4501953125,7356.56982421875,7385.18994140625,0
2025-02-20,7378.18994140625,7399.6201171875,7330.97998046875,7399.6201171875,0
2025-02-21,7273.6201171875,7378.18994140625,7259.60986328125,7378.18994140625,0
2025-02-24,7278.8701171875,7312.66015625,7250.7998046875,7273.6201171875,0
2025-02-25,7288.22021484375,7309.68017578125,7248.3701171875,7278.8701171875,0
2025-02-26,7272.1298828125,7336.77978515625,7258.10986328125,7288.22021484375,0
2025-02-27,7206.4599609375,7301.77001953125,7204.330078125,7272.1298828125,0
2025-02-28,7285.8798828125,7289.18017578125,7180.1298828125,7206.4599609375,0
2025-03-03,7206.77978515625,7333.97021484375,7169.64990234375,7285.8798828125,0
2025-03-04,7089.2998046875,7206.77978515625,7069.4501953125,7206.77978515625,0
2025-03-05,7156.75,7176.4599609375,7057.4599609375,7089.2998046875,0
2025-03-06,7076.52978515625,7156.75,7042.8701171875,7156.75,0
2025-03-07,7141.3798828125,7157.60009765625,7032.7900390625,7076.52978515625,0
2025-03-10,7041.0400390625,7141.3798828125,6989.81005859375,7141.3798828125,0
2025-03-11,6946.0,7041.0400390625,6910.43017578125,7041.0400390625,0
2025-03-12,6914.14990234375,6990.0498046875,6875.47021484375,6946.0,0
2025-03-13,6845.27001953125,6936.56982421875,6821.33984375,6914.14990234375,0
2025-03-14,6975.5,6982.830078125,6845.27001953125,6845.27001953125,0
2025-03-17,7067.35986328125,7093.52001953125,6971.27001953125,6975.5,0
2025-03-18,7029.9501953125,7067.35986328125,7001.60009765625,7067.35986328125,0
2025-03-19,7080.02001953125,7114.580078125,7025.18994140625,7029.9501953125,0
2025-03-20,7054.0498046875,7097.27978515625,7034.2900390625,7080.02001953125,0
2025-03-21,7020.31982421875,7053.490234375,6959.6298828125,7053.490234375,0
2025-03-24,7130.4501953125,7139.06982421875,7020.31982421875,7020.31982421875,0
2025-03-25,7111.52001953125,7144.1298828125,7080.5498046875,7130.4501953125,0
2025-03-26,7097.2900390625,7149.68017578125,7076.0400390625,7111.52001953125,0
2025-03-27,7078.5400390625,7120.7900390625,7044.1201171875,7097.2900390625,0
2025-03-28,6971.6298828125,7078.5400390625,6959.0498046875,7078.5400390625,0
2025-03-31,7024.2001953125,7054.81005859375,6900.10009765625,6971.6298828125,0
2025-04-01,7031.85009765625,7051.68994140625,6946.8701171875,7024.2001953125,0
2025-04-02,7094.240234375,7111.0,6976.419921875,7031.85009765625,0
2025-04-03,6754.169921875,7094.240234375,6749.43994140625,7094.240234375,0
2025-04-04,6372.06982421875,6754.169921875,6363.85986328125,6754.169921875,0
2025-04-07,6320.89013671875,6547.85009765625,6096.60009765625,6372.06982421875,0
2025-04-08,6199.97021484375,6513.1298828125,6115.18994140625,6320.89013671875,0
2025-04-09,6693.7001953125,6724.009765625,6117.3798828125,6199.97021484375,0
2025-04-10,6473.52978515625,6693.7001953125,6308.0,6693.7001953125,0
2025-04-11,6573.25,6596.669921875,6394.41015625,6473.52978515625,0
2025-04-14,6654.47998046875,6687.35009765625,6573.25,6573.25,0
2025-04-15,6633.7998046875,6705.9501953125,6625.47998046875,6654.47998046875,0
2025-04-16,6544.0498046875,6648.509765625,6495.14013671875,6633.7998046875,0
2025-04-17,6593.7001953125,6642.330078125,6544.0498046875,6544.0498046875,0
2025-04-21,6459.14990234375,6593.7001953125,6393.9501953125,6593.7001953125,0
2025-04-22,6620.64013671875,6634.81982421875,6459.14990234375,6459.14990234375,0
2025-04-23,6684.509765625,6825.85009765625,6621.580078125,6621.580078125,0
2025-04-24,6797.41015625,6807.2900390625,6672.0,6685.02978515625,0
2025-04-25,6787.56982421875,6797.41015625,6732.1201171875,6797.41015625,0
2025-04-28,6808.08984375,6836.77978515625,6746.89990234375,6787.56982421875,0
2025-04-29,6845.64013671875,6861.7001953125,6775.419921875,6808.08984375,0
2025-04-30,6856.7900390625,6870.8701171875,6704.43017578125,6845.47021484375,0
2025-05-01,6847.169921875,6910.08984375,6830.7998046875,6856.7900390625,0
2025-05-02,6965.8798828125,6979.18994140625,6847.169921875,6847.169921875,0
2025-05-05,6939.31982421875,6977.60986328125,6913.509765625,6965.8798828125,0
2025-05-06,6891.0400390625,6941.68994140625,6868.31005859375,6939.31982421875,0
2025-05-07,6932.64990234375,6955.0498046875,6889.5400390625,6891.0400390625,0
2025-05-08,6990.68994140625,7060.14990234375,6932.64990234375,6932.64990234375,0
2025-05-09,6989.93017578125,7019.4501953125,6973.009765625,6990.68994140625,0
2025-05-12,7182.75,7188.10986328125,6989.93017578125,6989.93017578125,0
2025-05-13,7198.64990234375,7229.7900390625,7180.06005859375,7182.75,0
2025-05-14,7154.27978515625,7198.64990234375,7137.85986328125,7198.64990234375,0
2025-05-15,7218.080078125,7219.6298828125,7140.0400390625,7154.31005859375,0
2025-05-16,7287.9599609375,7288.0498046875,7205.72021484375,7218.22998046875,0
2025-05-19,7286.93994140625,7293.8798828125,7216.22998046875,7286.830078125,0
2025-05-20,7263.919921875,7292.759765625,7239.580078125,7286.81982421875,0
2025-05-21,7107.72021484375,7263.919921875,7100.8701171875,7263.919921875,0
2025-05-22,7085.60009765625,7124.33984375,7047.009765625,7107.72021484375,0
2025-05-23,7057.5498046875,7085.60009765625,7009.35986328125,7085.60009765625,0
2025-05-27,7185.35986328125,7189.7998046875,7057.5498046875,7057.5498046875,0
2025-05-28,7120.759765625,7189.47021484375,7113.43017578125,7185.35986328125,0
2025-05-29,7142.009765625,7150.60009765625,7083.669921875,7120.759765625,0
2025-05-30,7141.56982421875,7160.35009765625,7078.5498046875,7142.009765625,0
2025-06-02,7142.240234375,7143.06005859375,7049.52001953125,7141.56982421875,0
2025-06-03,7201.0,7206.68017578125,7116.10986328125,7142.240234375,0
2025-06-04,7182.35986328125,7216.8701171875,7182.22998046875,7201.0,0
2025-06-05,7164.83984375,7209.89990234375,7145.72998046875,7182.39013671875,0
2025-06-06,7225.39990234375,7235.580078125,7164.83984375,7164.83984375,0
2025-06-09,7226.169921875,7260.4501953125,7207.14013671875,7225.39990234375,0
2025-06-10,7262.0,7270.64990234375,7226.169921875,7226.169921875,0
2025-06-11,7239.60986328125,7276.97021484375,7218.259765625,7262.0,0
2025-06-12,7257.759765625,7257.7998046875,7202.759765625,7239.60986328125,0
2025-06-13,7167.080078125,7257.759765625,7149.22998046875,7257.759765625,0
2025-06-16,7235.5400390625,7262.830078125,7167.080078125,7167.080078125,0
2025-06-17,7163.97998046875,7235.5400390625,7154.10986328125,7235.5400390625,0
2025-06-18,7166.669921875,7213.0498046875,7159.97998046875,7163.97998046875,0
2025-06-20,7179.75,7219.06005859375,7160.8701171875,7166.669921875,0
2025-06-23,7240.35986328125,7244.35009765625,7140.64990234375,7179.75,0
2025-06-24,7309.169921875,7321.85009765625,7240.35986328125,7240.35986328125,0
2025-06-25,7254.3798828125,7309.169921875,7246.47998046875,7309.169921875,0
2025-06-26,7310.27001953125,7316.7001953125,7254.3798828125,7254.3798828125,0
2025-06-27,7337.68017578125,7373.5400390625,7299.43017578125,7310.3701171875,0
2025-06-30,7372.58984375,7380.7998046875,7332.18994140625,7337.72998046875,0
2025-07-01,7455.06982421875,7489.7001953125,7354.4599609375,7372.58984375,0
2025-07-02,7473.81982421875,7478.02001953125,7424.56005859375,7455.06982421875,0
2025-07-03,7510.830078125,7521.14990234375,7473.81982421875,7473.81982421875,0
2025-07-07,7446.1201171875,7510.830078125,7409.4501953125,7510.830078125,0
2025-07-08,7466.490234375,7489.08984375,7442.31005859375,7446.1201171875,0
2025-07-09,7489.9501953125,7492.490234375,7442.22021484375,7466.490234375,0
2025-07-10,7533.009765625,7558.7099609375,7479.5400390625,7489.9501953125,0
2025-07-11,7476.169921875,7533.009765625,7459.43017578125,7533.009765625,0
2025-07-14,7482.0,7488.52001953125,7446.77978515625,7476.169921875,0
2025-07-15,7378.580078125,7497.7099609375,7377.41015625,7482.0,0
2025-07-16,7407.81005859375,7416.5,7319.9501953125,7378.580078125,0
2025-07-17,7464.990234375,7473.990234375,7405.58984375,7407.85009765625,0
2025-07-18,7466.669921875,7494.81005859375,7446.52978515625,7465.6298828125,0
2025-07-21,7441.2001953125,7497.240234375,7441.2001953125,7466.7099609375,0
2025-07-22,7536.8798828125,7542.97021484375,7441.25,7441.25,0
2025-07-23,7594.83984375,7596.93017578125,7536.8798828125,7536.8798828125,0
2025-07-24,7570.10986328125,7609.77978515625,7569.68994140625,7595.02978515625,0
2025-07-25,7607.3798828125,7611.8798828125,7553.509765625,7570.27978515625,0
2025-07-28,7565.2001953125,7607.3798828125,7558.7900390625,7607.3798828125,0
2025-07-29,7556.81005859375,7577.6298828125,7541.02001953125,7565.2001953125,0
2025-07-30,7508.68994140625,7573.85009765625,7473.490234375,7556.81005859375,0
2025-07-31,7437.41015625,7523.68994140625,7424.08984375,7508.68994140625,0
2025-08-01,7356.60009765625,7437.41015625,7291.39013671875,7437.41015625,0
2025-08-04,7446.9599609375,7450.759765625,7357.35009765625,7357.35009765625,0
2025-08-05,7422.91015625,7456.7001953125,7395.31005859375,7446.9599609375,0
2025-08-06,7406.60986328125,7432.06005859375,7390.919921875,7422.91015625,0
2025-08-07,7401.97998046875,7465.22021484375,7376.14013671875,7406.97998046875,0
2025-08-08,7412.68994140625,7442.31982421875,7400.830078125,7401.97998046875,0
2025-08-11,7389.080078125,7450.419921875,7379.7001953125,7412.68994140625,0
2025-08-12,7489.66015625,7490.75,7389.080078125,7389.080078125,0
2025-08-13,7592.490234375,7595.22998046875,7489.66015625,7489.66015625,0
2025-08-14,7542.89013671875,7592.490234375,7506.490234375,7592.490234375,0
2025-08-15,7521.97021484375,7560.39013671875,7515.7001953125,7542.89013671875,0
2025-08-18,7519.6201171875,7541.0400390625,7515.7998046875,7521.89990234375,0
2025-08-19,7553.31005859375,7589.10009765625,7519.6201171875,7519.6201171875,0
2025-08-20,7546.81982421875,7572.740234375,7520.009765625,7553.31005859375,0
2025-08-21,7521.14990234375,7546.81982421875,7502.02978515625,7546.81982421875,0
2025-08-22,7666.5,7685.43994140625,7521.14990234375,7521.14990234375,0
2025-08-25,7606.75,7666.5,7606.22998046875,7666.5,0
2025-08-26,7612.6201171875,7618.89013671875,7589.509765625,7606.75,0
2025-08-27,7639.4599609375,7647.490234375,7601.3701171875,7612.6201171875,0
2025-08-28,7635.56982421875,7647.31982421875,7601.0400390625,7639.4599609375,0
2025-08-29,7624.7099609375,7656.3701171875,7606.31005859375,7635.56982421875,0
2025-09-02,7567.4501953125,7624.7099609375,7522.31005859375,7624.7099609375,0
2025-09-03,7553.85986328125,7578.31005859375,7517.60986328125,7567.4501953125,0
2025-09-04,7608.7001953125,7609.89990234375,7540.2099609375,7553.85986328125,0
2025-09-05,7614.25,7668.6201171875,7571.3701171875,7608.7001953125,0
2025-09-08,7610.93017578125,7614.740234375,7559.97998046875,7614.330078125,0
2025-09-09,7586.0498046875,7610.93017578125,7571.4501953125,7610.93017578125,0
2025-09-10,7575.77001953125,7615.5400390625,7554.669921875,7586.0498046875,0
2025-09-11,7691.35986328125,7698.330078125,7575.77001953125,7575.77001953125,0
2025-09-12,7633.18994140625,7691.35986328125,7630.18994140625,7691.35986328125,0
2025-09-15,7616.56982421875,7661.9501953125,7611.31982421875,7633.18994140625,0
2025-09-16,7597.43017578125,7630.56982421875,7578.2099609375,7616.56982421875,0
2025-09-17,7604.919921875,7691.9501953125,7561.25,7597.43017578125,0
2025-09-18,7655.60009765625,7674.580078125,7604.919921875,7604.919921875,0
2025-09-19,7640.3798828125,7670.06005859375,7615.7998046875,7655.60009765625,0
2025-09-22,7644.33984375,7657.52001953125,7604.68994140625,7640.3798828125,0
2025-09-23,7652.81005859375,7700.56982421875,7640.35009765625,7644.33984375,0
2025-09-24,7636.72021484375,7672.9501953125,7629.3798828125,7652.81005859375,0
2025-09-25,7570.8701171875,7636.9501953125,7545.31982421875,7636.9501953125,0
2025-09-26,7648.83984375,7652.240234375,7570.8701171875,7570.8701171875,0
2025-09-29,7673.169921875,7681.68017578125,7641.10009765625,7648.83984375,0
2025-09-30,7693.41015625,7697.5,7637.10009765625,7673.169921875,0
2025-10-01,7708.4501953125,7719.18994140625,7676.97021484375,7693.41015625,0
2025-10-02,7726.02001953125,7739.93017578125,7691.2900390625,7708.4501953125,0
2025-10-03,7753.35009765625,7794.18017578125,7726.0400390625,7726.0400390625,0
2025-10-06,7749.64013671875,7783.41015625,7738.6201171875,7753.35009765625,0
2025-10-07,7714.240234375,7777.5498046875,7699.8701171875,7749.64013671875,0
2025-10-08,7739.66015625,7752.3798828125,7695.58984375,7714.240234375,0
2025-10-09,7675.89013671875,7754.0,7664.83984375,7739.66015625,0
2025-10-10,7501.68017578125,7700.169921875,7501.25,7675.89013671875,0
2025-10-13,7576.9599609375,7600.330078125,7502.009765625,7502.009765625,0
2025-10-14,7639.72998046875,7670.990234375,7518.4599609375,7576.9599609375,0
2025-10-15,7652.64990234375,7718.5400390625,7597.14990234375,7639.72998046875,0
2025-10-16,7583.72021484375,7675.72998046875,7556.7001953125,7652.64990234375,0
2025-10-17,7618.89013671875,7632.16015625,7570.6298828125,7583.72021484375,0
2025-10-20,7694.77978515625,7704.81982421875,7618.89013671875,7618.89013671875,0
2025-10-21,7731.47021484375,7752.2099609375,7684.60009765625,7694.77978515625,0
2025-10-22,7692.16015625,7742.14990234375,7668.759765625,7731.47021484375,0
2025-10-23,7729.27001953125,7741.85009765625,7681.2998046875,7692.16015625,0
2025-10-24,7749.02978515625,7786.8798828125,7729.27001953125,7729.27001953125,0
2025-10-27,7784.47998046875,7792.759765625,7749.35009765625,7749.35009765625,0
2025-10-28,7713.7900390625,7784.47998046875,7713.43994140625,7784.47998046875,0
2025-10-29,7628.39013671875,7713.7900390625,7606.72998046875,7713.7900390625,0
2025-10-30,7596.9501953125,7676.009765625,7594.52001953125,7628.39013671875,0
2025-10-31,7613.0498046875,7635.3798828125,7574.22021484375,7596.9501953125,0
2025-11-03,7590.52978515625,7613.240234375,7514.16015625,7613.240234375,0
2025-11-04,7543.0,7590.52978515625,7521.2998046875,7590.52978515625,0
2025-11-05,7587.8701171875,7613.990234375,7537.7001953125,7543.0,0
2025-11-06,7531.7998046875,7608.8798828125,7519.83984375,7587.8701171875,0
2025-11-07,7598.9599609375,7599.2099609375,7506.27978515625,7531.7998046875,0
2025-11-10,7638.52978515625,7654.68994140625,7575.8798828125,7598.9599609375,0
2025-11-11,7682.72021484375,7701.25,7638.27978515625,7638.27978515625,0
2025-11-12,7700.56005859375,7731.39013671875,7682.72021484375,7682.72021484375,0
2025-11-13,7609.31005859375,7704.97998046875,7601.66015625,7700.56005859375,0
2025-11-14,7584.33984375,7628.89990234375,7553.06982421875,7609.31005859375,0
2025-11-17,7484.64990234375,7588.2001953125,7461.93017578125,7584.33984375,0
2025-11-18,7482.97998046875,7527.41015625,7441.0400390625,7484.64990234375,0
2025-11-19,7460.58984375,7499.7998046875,7433.3798828125,7482.97998046875,0
2025-11-20,7373.490234375,7556.169921875,7369.39990234375,7460.58984375,0
2025-11-21,7515.89013671875,7555.669921875,7373.490234375,7373.490234375,0
2025-11-24,7547.18017578125,7570.85009765625,7497.02001953125,7515.89013671875,0
2025-11-25,7656.35986328125,7667.2900390625,7547.18017578125,7547.18017578125,0
2025-11-26,7705.5400390625,7733.10986328125,7656.35986328125,7656.35986328125,0
2025-11-28,7744.72998046875,7759.02001953125,7705.5400390625,7705.5400390625,0
2025-12-01,7690.43017578125,7748.7099609375,7688.0498046875,7744.72998046875,0
2025-12-02,7685.64013671875,7710.1298828125,7664.64013671875,7690.43017578125,0
2025-12-03,7741.91015625,7747.85009765625,7685.64013671875,7685.64013671875,0
2025-12-04,7745.35009765625,7764.58984375,7723.2099609375,7741.91015625,0
2025-12-05,7760.64990234375,7792.419921875,7745.35009765625,7745.35009765625,0
2025-12-08,7714.64990234375,7762.68994140625,7707.9599609375,7760.64990234375,0
2025-12-09,7698.68994140625,7747.56982421875,7697.08984375,7714.27978515625,0
2025-12-10,7804.22021484375,7822.58984375,7698.68994140625,7698.68994140625,0
2025-12-11,7869.39013671875,7875.18994140625,7796.080078125,7804.22021484375,0
2025-12-12,7817.91015625,7896.18017578125,7802.39990234375,7869.39013671875,0
2025-12-15,7824.259765625,7851.56005859375,7794.8701171875,7817.91015625,0
2025-12-16,7768.740234375,7831.509765625,7739.93017578125,7824.259765625,0
2025-12-17,7745.02001953125,7818.41015625,7737.89013671875,7768.740234375,0
2025-12-18,7762.4501953125,7823.66015625,7745.02001953125,7745.02001953125,0
2025-12-19,7790.9501953125,7816.35986328125,7759.4501953125,7762.4501953125,0
2025-12-22,7850.10009765625,7855.43994140625,7790.9501953125,7790.9501953125,0
2025-12-23,7830.85986328125,7851.35986328125,7815.580078125,7850.10009765625,0
2025-12-24,7860.47998046875,7870.740234375,7829.52001953125,7830.85986328125,0
2025-12-26,7860.64990234375,7864.06982421875,7833.81005859375,7860.47998046875,0
2025-12-29,7845.759765625,7866.7001953125,7830.9501953125,7860.5400390625,0
2025-12-30,7832.60986328125,7854.10009765625,7831.759765625,7845.759765625,0
